id,email,name,status,created_at,updated_at
7214,fatima.a.alansari@hotmail.com,fatima.a.alansari,SUBSCRIBED,2026-04-14T20:36:50.353859,2026-04-14T20:36:50.353859
7800,user581@yahoo.com,user581,SUBSCRIBED,2026-04-22T19:42:51.995252,2026-04-22T19:42:51.995252
7801,user582@outlook.com,user582,SUBSCRIBED,2026-04-22T19:42:52.003256,2026-04-22T19:42:52.003256
7802,user583@hotmail.com,user583,SUBSCRIBED,2026-04-22T19:42:52.014257,2026-04-22T19:42:52.014257
7803,user584@example.org,user584,SUBSCRIBED,2026-04-22T19:42:52.024253,2026-04-22T19:42:52.024253
7804,user585@gmail.com,user585,SUBSCRIBED,2026-04-22T19:42:52.035255,2026-04-22T19:42:52.035255
7805,user586@yahoo.com,user586,SUBSCRIBED,2026-04-22T19:42:52.043255,2026-04-22T19:42:52.043255
7806,user587@outlook.com,user587,SUBSCRIBED,2026-04-22T19:42:52.051259,2026-04-22T19:42:52.051259
7807,user588@hotmail.com,user588,SUBSCRIBED,2026-04-22T19:42:52.061259,2026-04-22T19:42:52.061259
7808,user589@example.org,user589,SUBSCRIBED,2026-04-22T19:42:52.070258,2026-04-22T19:42:52.070258
7809,user590@gmail.com,user590,SUBSCRIBED,2026-04-22T19:42:52.081265,2026-04-22T19:42:52.081265
7810,user591@yahoo.com,user591,SUBSCRIBED,2026-04-22T19:42:52.089259,2026-04-22T19:42:52.089259
7811,user592@outlook.com,user592,SUBSCRIBED,2026-04-22T19:42:52.099262,2026-04-22T19:42:52.099262
7812,user593@hotmail.com,user593,SUBSCRIBED,2026-04-22T19:42:52.111261,2026-04-22T19:42:52.111261
7813,user594@example.org,user594,SUBSCRIBED,2026-04-22T19:42:52.122263,2026-04-22T19:42:52.122263
7814,user595@gmail.com,user595,SUBSCRIBED,2026-04-22T19:42:52.137263,2026-04-22T19:42:52.137263
7815,user596@yahoo.com,user596,SUBSCRIBED,2026-04-22T19:42:52.148266,2026-04-22T19:42:52.148266
7816,user597@outlook.com,user597,SUBSCRIBED,2026-04-22T19:42:52.160267,2026-04-22T19:42:52.160267
7817,user598@hotmail.com,user598,SUBSCRIBED,2026-04-22T19:42:52.170266,2026-04-22T19:42:52.170266
7818,user599@example.org,user599,SUBSCRIBED,2026-04-22T19:42:52.179264,2026-04-22T19:42:52.179264
7819,user600@gmail.com,user600,SUBSCRIBED,2026-04-22T19:42:52.188268,2026-04-22T19:42:52.188268
7820,user601@yahoo.com,user601,SUBSCRIBED,2026-04-22T19:42:52.200268,2026-04-22T19:42:52.200268
7821,user602@outlook.com,user602,SUBSCRIBED,2026-04-22T19:42:52.209269,2026-04-22T19:42:52.209269
7822,user603@hotmail.com,user603,SUBSCRIBED,2026-04-22T19:42:52.218160,2026-04-22T19:42:52.218160
7823,user604@example.org,user604,SUBSCRIBED,2026-04-22T19:42:52.226129,2026-04-22T19:42:52.226129
7824,user605@gmail.com,user605,SUBSCRIBED,2026-04-22T19:42:52.234131,2026-04-22T19:42:52.234131
7825,user606@yahoo.com,user606,SUBSCRIBED,2026-04-22T19:42:52.246136,2026-04-22T19:42:52.246136
7826,user607@outlook.com,user607,SUBSCRIBED,2026-04-22T19:42:52.255133,2026-04-22T19:42:52.255133
7827,user608@hotmail.com,user608,SUBSCRIBED,2026-04-22T19:42:52.264135,2026-04-22T19:42:52.264135
7828,user609@example.org,user609,SUBSCRIBED,2026-04-22T19:42:52.271139,2026-04-22T19:42:52.271139
7829,user610@gmail.com,user610,SUBSCRIBED,2026-04-22T19:42:52.280136,2026-04-22T19:42:52.280136
7830,user611@yahoo.com,user611,SUBSCRIBED,2026-04-22T19:42:52.291138,2026-04-22T19:42:52.291138
7831,user612@outlook.com,user612,SUBSCRIBED,2026-04-22T19:42:52.302135,2026-04-22T19:42:52.302135
7832,user613@hotmail.com,user613,SUBSCRIBED,2026-04-22T19:42:52.311139,2026-04-22T19:42:52.311139
7833,user614@example.org,user614,SUBSCRIBED,2026-04-22T19:42:52.320141,2026-04-22T19:42:52.320141
7834,user615@gmail.com,user615,SUBSCRIBED,2026-04-22T19:42:52.327142,2026-04-22T19:42:52.327142
7835,user616@yahoo.com,user616,SUBSCRIBED,2026-04-22T19:42:52.339144,2026-04-22T19:42:52.339144
7836,user617@outlook.com,user617,SUBSCRIBED,2026-04-22T19:42:52.350139,2026-04-22T19:42:52.350139
7837,user618@hotmail.com,user618,SUBSCRIBED,2026-04-22T19:42:52.359141,2026-04-22T19:42:52.359141
7838,user619@example.org,user619,SUBSCRIBED,2026-04-22T19:42:52.368142,2026-04-22T19:42:52.368142
7839,user620@gmail.com,user620,SUBSCRIBED,2026-04-22T19:42:52.376144,2026-04-22T19:42:52.376144
7840,user621@yahoo.com,user621,SUBSCRIBED,2026-04-22T19:42:52.388145,2026-04-22T19:42:52.388145
7841,user622@outlook.com,user622,SUBSCRIBED,2026-04-22T19:42:52.396145,2026-04-22T19:42:52.396145
7842,user623@hotmail.com,user623,SUBSCRIBED,2026-04-22T19:42:52.405145,2026-04-22T19:42:52.405145
7843,user624@example.org,user624,SUBSCRIBED,2026-04-22T19:42:52.415146,2026-04-22T19:42:52.415146
7844,user625@gmail.com,user625,SUBSCRIBED,2026-04-22T19:42:52.425147,2026-04-22T19:42:52.425147
7845,user626@yahoo.com,user626,SUBSCRIBED,2026-04-22T19:42:52.436149,2026-04-22T19:42:52.436149
7846,user627@outlook.com,user627,SUBSCRIBED,2026-04-22T19:42:52.445912,2026-04-22T19:42:52.445912
7847,user628@hotmail.com,user628,SUBSCRIBED,2026-04-22T19:42:52.454130,2026-04-22T19:42:52.454130
7848,user629@example.org,user629,SUBSCRIBED,2026-04-22T19:42:52.461131,2026-04-22T19:42:52.461131
7849,user630@gmail.com,user630,SUBSCRIBED,2026-04-22T19:42:52.472133,2026-04-22T19:42:52.472133
7850,user631@yahoo.com,user631,SUBSCRIBED,2026-04-22T19:42:52.483131,2026-04-22T19:42:52.483131
7851,user632@outlook.com,user632,SUBSCRIBED,2026-04-22T19:42:52.490134,2026-04-22T19:42:52.490134
7852,user633@hotmail.com,user633,SUBSCRIBED,2026-04-22T19:42:52.499132,2026-04-22T19:42:52.499132
7853,user634@example.org,user634,SUBSCRIBED,2026-04-22T19:42:52.507134,2026-04-22T19:42:52.507134
7854,user635@gmail.com,user635,SUBSCRIBED,2026-04-22T19:42:52.518134,2026-04-22T19:42:52.518134
7855,user636@yahoo.com,user636,SUBSCRIBED,2026-04-22T19:42:52.529136,2026-04-22T19:42:52.529136
7856,user637@outlook.com,user637,SUBSCRIBED,2026-04-22T19:42:52.537137,2026-04-22T19:42:52.537137
7857,user638@hotmail.com,user638,SUBSCRIBED,2026-04-22T19:42:52.544136,2026-04-22T19:42:52.544136
7858,user639@example.org,user639,SUBSCRIBED,2026-04-22T19:42:52.551138,2026-04-22T19:42:52.551138
7859,user640@gmail.com,user640,SUBSCRIBED,2026-04-22T19:42:52.558138,2026-04-22T19:42:52.558138
7860,user641@yahoo.com,user641,SUBSCRIBED,2026-04-22T19:42:52.572138,2026-04-22T19:42:52.572138
7861,user642@outlook.com,user642,SUBSCRIBED,2026-04-22T19:42:52.584138,2026-04-22T19:42:52.584138
7862,user643@hotmail.com,user643,SUBSCRIBED,2026-04-22T19:42:52.592142,2026-04-22T19:42:52.592142
7863,user644@example.org,user644,SUBSCRIBED,2026-04-22T19:42:52.600138,2026-04-22T19:42:52.600138
7864,user645@gmail.com,user645,SUBSCRIBED,2026-04-22T19:42:52.607141,2026-04-22T19:42:52.607141
7865,user646@yahoo.com,user646,SUBSCRIBED,2026-04-22T19:42:52.616141,2026-04-22T19:42:52.616141
7866,user647@outlook.com,user647,SUBSCRIBED,2026-04-22T19:42:52.624142,2026-04-22T19:42:52.624142
7867,user648@hotmail.com,user648,SUBSCRIBED,2026-04-22T19:42:52.632142,2026-04-22T19:42:52.632142
7868,user649@example.org,user649,SUBSCRIBED,2026-04-22T19:42:52.639146,2026-04-22T19:42:52.639146
7869,user650@gmail.com,user650,SUBSCRIBED,2026-04-22T19:42:52.646147,2026-04-22T19:42:52.646147
7870,user651@yahoo.com,user651,SUBSCRIBED,2026-04-22T19:42:52.653143,2026-04-22T19:42:52.653143
7871,user652@outlook.com,user652,SUBSCRIBED,2026-04-22T19:42:52.661147,2026-04-22T19:42:52.661147
7872,user653@hotmail.com,user653,SUBSCRIBED,2026-04-22T19:42:52.670145,2026-04-22T19:42:52.670145
7873,user654@example.org,user654,SUBSCRIBED,2026-04-22T19:42:52.677146,2026-04-22T19:42:52.677146
7874,user655@gmail.com,user655,SUBSCRIBED,2026-04-22T19:42:52.683144,2026-04-22T19:42:52.684145
7875,user656@yahoo.com,user656,SUBSCRIBED,2026-04-22T19:42:52.689147,2026-04-22T19:42:52.689147
7876,user657@outlook.com,user657,SUBSCRIBED,2026-04-22T19:42:52.696146,2026-04-22T19:42:52.696146
7877,user658@hotmail.com,user658,SUBSCRIBED,2026-04-22T19:42:52.704154,2026-04-22T19:42:52.704154
7878,user659@example.org,user659,SUBSCRIBED,2026-04-22T19:42:52.715151,2026-04-22T19:42:52.715151
7879,user660@gmail.com,user660,SUBSCRIBED,2026-04-22T19:42:52.723154,2026-04-22T19:42:52.723154
7880,user661@yahoo.com,user661,SUBSCRIBED,2026-04-22T19:42:52.732153,2026-04-22T19:42:52.732153
7881,user662@outlook.com,user662,SUBSCRIBED,2026-04-22T19:42:52.738155,2026-04-22T19:42:52.738155
7882,user663@hotmail.com,user663,SUBSCRIBED,2026-04-22T19:42:52.751151,2026-04-22T19:42:52.751151
7883,user664@example.org,user664,SUBSCRIBED,2026-04-22T19:42:52.761154,2026-04-22T19:42:52.761154
7884,user665@gmail.com,user665,SUBSCRIBED,2026-04-22T19:42:52.768154,2026-04-22T19:42:52.768154
7885,user666@yahoo.com,user666,SUBSCRIBED,2026-04-22T19:42:52.775155,2026-04-22T19:42:52.775155
7886,user667@outlook.com,user667,SUBSCRIBED,2026-04-22T19:42:52.782152,2026-04-22T19:42:52.782152
7887,user668@hotmail.com,user668,SUBSCRIBED,2026-04-22T19:42:52.789157,2026-04-22T19:42:52.789157
7888,user669@example.org,user669,SUBSCRIBED,2026-04-22T19:42:52.799156,2026-04-22T19:42:52.799156
7889,user670@gmail.com,user670,SUBSCRIBED,2026-04-22T19:42:52.807157,2026-04-22T19:42:52.807157
7890,user671@yahoo.com,user671,SUBSCRIBED,2026-04-22T19:42:52.816155,2026-04-22T19:42:52.816155
7891,user672@outlook.com,user672,SUBSCRIBED,2026-04-22T19:42:52.823159,2026-04-22T19:42:52.823159
7892,user673@hotmail.com,user673,SUBSCRIBED,2026-04-22T19:42:52.832162,2026-04-22T19:42:52.832162
7893,user674@example.org,user674,SUBSCRIBED,2026-04-22T19:42:52.839158,2026-04-22T19:42:52.839158
7894,user675@gmail.com,user675,SUBSCRIBED,2026-04-22T19:42:52.849163,2026-04-22T19:42:52.849163
7218,twoseasgamesstudio@gmail.com,twoseasgamesstudio,SUBSCRIBED,2026-04-15T18:52:58.037683,2026-04-15T18:52:58.038682
7220,user1@yahoo.com,Mohsen,SUBSCRIBED,2026-04-22T19:42:42.958266,2026-04-22T19:42:42.958266
7221,user2@outlook.com,Mazin,SUBSCRIBED,2026-04-22T19:42:43.072280,2026-04-22T19:42:43.072280
7222,user3@hotmail.com,Ameen,SUBSCRIBED,2026-04-22T19:42:43.087279,2026-04-22T19:42:43.087279
7223,user4@example.org,Kareem,SUBSCRIBED,2026-04-22T19:42:43.103281,2026-04-22T19:42:43.103281
7224,user5@gmail.com,Abdulla,SUBSCRIBED,2026-04-22T19:42:43.122281,2026-04-22T19:42:43.122281
7225,user6@yahoo.com,user6,SUBSCRIBED,2026-04-22T19:42:43.138587,2026-04-22T19:42:43.138587
7226,user7@outlook.com,user7,SUBSCRIBED,2026-04-22T19:42:43.160583,2026-04-22T19:42:43.160583
7227,user8@hotmail.com,user8,SUBSCRIBED,2026-04-22T19:42:43.184585,2026-04-22T19:42:43.184585
7228,user9@example.org,Ali,SUBSCRIBED,2026-04-22T19:42:43.207589,2026-04-22T19:42:43.207589
7229,user10@gmail.com,user10,SUBSCRIBED,2026-04-22T19:42:43.231590,2026-04-22T19:42:43.231590
7230,user11@yahoo.com,user11,SUBSCRIBED,2026-04-22T19:42:43.315646,2026-04-22T19:42:43.315646
7231,user12@outlook.com,Dawood,SUBSCRIBED,2026-04-22T19:42:43.343647,2026-04-22T19:42:43.343647
7232,user13@hotmail.com,user13,SUBSCRIBED,2026-04-22T19:42:43.371648,2026-04-22T19:42:43.371648
7233,user14@example.org,Zakariya,SUBSCRIBED,2026-04-22T19:42:43.393650,2026-04-22T19:42:43.393650
7234,user15@gmail.com,user15,SUBSCRIBED,2026-04-22T19:42:43.424653,2026-04-22T19:42:43.424653
7235,user17@outlook.com,user17,SUBSCRIBED,2026-04-22T19:42:43.458655,2026-04-22T19:42:43.458655
7236,user18@hotmail.com,user18,SUBSCRIBED,2026-04-22T19:42:43.478660,2026-04-22T19:42:43.478660
7237,user19@example.org,user19,SUBSCRIBED,2026-04-22T19:42:43.501695,2026-04-22T19:42:43.501695
7238,user20@gmail.com,user20,SUBSCRIBED,2026-04-22T19:42:43.520695,2026-04-22T19:42:43.520695
7239,user21@yahoo.com,user21,SUBSCRIBED,2026-04-22T19:42:43.543699,2026-04-22T19:42:43.543699
7240,user22@outlook.com,user22,SUBSCRIBED,2026-04-22T19:42:43.565698,2026-04-22T19:42:43.565698
7241,user23@hotmail.com,user23,SUBSCRIBED,2026-04-22T19:42:43.591702,2026-04-22T19:42:43.591702
7242,user24@example.org,user24,SUBSCRIBED,2026-04-22T19:42:43.614703,2026-04-22T19:42:43.614703
7243,user25@gmail.com,user25,SUBSCRIBED,2026-04-22T19:42:43.638703,2026-04-22T19:42:43.638703
7244,user26@yahoo.com,user26,SUBSCRIBED,2026-04-22T19:42:43.658970,2026-04-22T19:42:43.659971
7245,user27@outlook.com,user27,SUBSCRIBED,2026-04-22T19:42:43.686971,2026-04-22T19:42:43.686971
7246,user28@hotmail.com,user28,SUBSCRIBED,2026-04-22T19:42:43.708973,2026-04-22T19:42:43.708973
7247,user29@example.org,user29,SUBSCRIBED,2026-04-22T19:42:43.730979,2026-04-22T19:42:43.730979
7248,user30@gmail.com,user30,SUBSCRIBED,2026-04-22T19:42:43.753977,2026-04-22T19:42:43.753977
7249,user31@yahoo.com,user31,SUBSCRIBED,2026-04-22T19:42:43.777981,2026-04-22T19:42:43.777981
7250,user32@outlook.com,user32,SUBSCRIBED,2026-04-22T19:42:43.799980,2026-04-22T19:42:43.799980
7251,user33@hotmail.com,user33,SUBSCRIBED,2026-04-22T19:42:43.823984,2026-04-22T19:42:43.823984
7252,user34@example.org,user34,SUBSCRIBED,2026-04-22T19:42:43.845987,2026-04-22T19:42:43.845987
7253,user35@gmail.com,user35,SUBSCRIBED,2026-04-22T19:42:43.875986,2026-04-22T19:42:43.875986
7254,user36@yahoo.com,user36,SUBSCRIBED,2026-04-22T19:42:43.896987,2026-04-22T19:42:43.896987
7255,user37@outlook.com,user37,SUBSCRIBED,2026-04-22T19:42:43.923989,2026-04-22T19:42:43.923989
7256,user38@hotmail.com,user38,SUBSCRIBED,2026-04-22T19:42:43.947991,2026-04-22T19:42:43.947991
7257,user39@example.org,user39,SUBSCRIBED,2026-04-22T19:42:43.970992,2026-04-22T19:42:43.970992
7258,user40@gmail.com,user40,SUBSCRIBED,2026-04-22T19:42:43.993994,2026-04-22T19:42:43.993994
7259,user41@yahoo.com,user41,SUBSCRIBED,2026-04-22T19:42:44.015997,2026-04-22T19:42:44.017
7260,user42@outlook.com,user42,SUBSCRIBED,2026-04-22T19:42:44.037259,2026-04-22T19:42:44.037259
7261,user43@hotmail.com,user43,SUBSCRIBED,2026-04-22T19:42:44.056259,2026-04-22T19:42:44.057259
7262,user44@example.org,user44,SUBSCRIBED,2026-04-22T19:42:44.077262,2026-04-22T19:42:44.077262
7263,user45@gmail.com,user45,SUBSCRIBED,2026-04-22T19:42:44.105264,2026-04-22T19:42:44.105264
7264,user46@yahoo.com,user46,SUBSCRIBED,2026-04-22T19:42:44.123264,2026-04-22T19:42:44.123264
7265,user47@outlook.com,user47,SUBSCRIBED,2026-04-22T19:42:44.144267,2026-04-22T19:42:44.144267
7266,user48@hotmail.com,user48,SUBSCRIBED,2026-04-22T19:42:44.166267,2026-04-22T19:42:44.166267
7267,user49@example.org,user49,SUBSCRIBED,2026-04-22T19:42:44.201796,2026-04-22T19:42:44.201796
7268,user50@gmail.com,user50,SUBSCRIBED,2026-04-22T19:42:44.223317,2026-04-22T19:42:44.223317
7269,user51@yahoo.com,user51,SUBSCRIBED,2026-04-22T19:42:44.249845,2026-04-22T19:42:44.249845
7270,user52@outlook.com,user52,SUBSCRIBED,2026-04-22T19:42:44.269846,2026-04-22T19:42:44.269846
7271,user53@hotmail.com,user53,SUBSCRIBED,2026-04-22T19:42:44.292853,2026-04-22T19:42:44.292853
7272,user54@example.org,user54,SUBSCRIBED,2026-04-22T19:42:44.312849,2026-04-22T19:42:44.312849
7273,user55@gmail.com,user55,SUBSCRIBED,2026-04-22T19:42:44.335850,2026-04-22T19:42:44.335850
7274,user56@yahoo.com,user56,SUBSCRIBED,2026-04-22T19:42:44.351852,2026-04-22T19:42:44.351852
7275,user57@outlook.com,user57,SUBSCRIBED,2026-04-22T19:42:44.368855,2026-04-22T19:42:44.368855
7276,user58@hotmail.com,user58,SUBSCRIBED,2026-04-22T19:42:44.386857,2026-04-22T19:42:44.386857
7277,user59@example.org,user59,SUBSCRIBED,2026-04-22T19:42:44.414213,2026-04-22T19:42:44.414213
7278,user60@gmail.com,user60,SUBSCRIBED,2026-04-22T19:42:44.441212,2026-04-22T19:42:44.442213
7279,user61@yahoo.com,user61,SUBSCRIBED,2026-04-22T19:42:44.464215,2026-04-22T19:42:44.464215
7280,user62@outlook.com,user62,SUBSCRIBED,2026-04-22T19:42:44.489216,2026-04-22T19:42:44.489216
7281,user63@hotmail.com,user63,SUBSCRIBED,2026-04-22T19:42:44.516218,2026-04-22T19:42:44.516218
7282,user64@example.org,user64,SUBSCRIBED,2026-04-22T19:42:44.537220,2026-04-22T19:42:44.537220
7283,user65@gmail.com,user65,SUBSCRIBED,2026-04-22T19:42:44.560221,2026-04-22T19:42:44.560221
7284,user66@yahoo.com,user66,SUBSCRIBED,2026-04-22T19:42:44.596228,2026-04-22T19:42:44.596228
7285,user67@outlook.com,user67,SUBSCRIBED,2026-04-22T19:42:44.616226,2026-04-22T19:42:44.616226
7286,user68@hotmail.com,user68,SUBSCRIBED,2026-04-22T19:42:44.632227,2026-04-22T19:42:44.632227
7287,user69@example.org,user69,SUBSCRIBED,2026-04-22T19:42:44.651230,2026-04-22T19:42:44.651230
7288,user70@gmail.com,user70,SUBSCRIBED,2026-04-22T19:42:44.669233,2026-04-22T19:42:44.669233
7289,user71@yahoo.com,user71,SUBSCRIBED,2026-04-22T19:42:44.685230,2026-04-22T19:42:44.685230
7290,user72@outlook.com,user72,SUBSCRIBED,2026-04-22T19:42:44.705234,2026-04-22T19:42:44.705234
7291,user73@hotmail.com,user73,SUBSCRIBED,2026-04-22T19:42:44.733234,2026-04-22T19:42:44.733234
7292,user74@example.org,user74,SUBSCRIBED,2026-04-22T19:42:44.752238,2026-04-22T19:42:44.752238
7293,user75@gmail.com,user75,SUBSCRIBED,2026-04-22T19:42:44.769199,2026-04-22T19:42:44.769199
7294,user76@yahoo.com,user76,SUBSCRIBED,2026-04-22T19:42:44.786202,2026-04-22T19:42:44.786202
7295,user77@outlook.com,user77,SUBSCRIBED,2026-04-22T19:42:44.803203,2026-04-22T19:42:44.803203
7296,user78@hotmail.com,user78,SUBSCRIBED,2026-04-22T19:42:44.818203,2026-04-22T19:42:44.819203
7297,user79@example.org,user79,SUBSCRIBED,2026-04-22T19:42:44.841203,2026-04-22T19:42:44.841203
7298,user80@gmail.com,user80,SUBSCRIBED,2026-04-22T19:42:44.858204,2026-04-22T19:42:44.858204
7299,user81@yahoo.com,user81,SUBSCRIBED,2026-04-22T19:42:44.878207,2026-04-22T19:42:44.878207
7300,user82@outlook.com,user82,SUBSCRIBED,2026-04-22T19:42:44.898211,2026-04-22T19:42:44.898211
7301,user83@hotmail.com,user83,SUBSCRIBED,2026-04-22T19:42:44.917214,2026-04-22T19:42:44.917214
7302,user84@example.org,user84,SUBSCRIBED,2026-04-22T19:42:44.937213,2026-04-22T19:42:44.937213
7303,user85@gmail.com,user85,SUBSCRIBED,2026-04-22T19:42:44.960215,2026-04-22T19:42:44.960215
7304,user86@yahoo.com,user86,SUBSCRIBED,2026-04-22T19:42:44.984215,2026-04-22T19:42:44.984215
7305,user16@yahoo.com,Fatima Alansari,SUBSCRIBED,2026-04-22T19:42:45.000217,2026-04-22T19:42:45.000217
7306,user87@outlook.com,user87,SUBSCRIBED,2026-04-22T19:42:45.020219,2026-04-22T19:42:45.020219
7307,user88@hotmail.com,user88,SUBSCRIBED,2026-04-22T19:42:45.038217,2026-04-22T19:42:45.038217
7308,user89@example.org,user89,SUBSCRIBED,2026-04-22T19:42:45.056171,2026-04-22T19:42:45.056171
7309,user90@gmail.com,user90,SUBSCRIBED,2026-04-22T19:42:45.077164,2026-04-22T19:42:45.077164
7310,user91@yahoo.com,user91,SUBSCRIBED,2026-04-22T19:42:45.092168,2026-04-22T19:42:45.092168
7311,user92@outlook.com,user92,SUBSCRIBED,2026-04-22T19:42:45.111168,2026-04-22T19:42:45.111168
7312,user93@hotmail.com,user93,SUBSCRIBED,2026-04-22T19:42:45.127168,2026-04-22T19:42:45.127168
7313,user94@example.org,user94,SUBSCRIBED,2026-04-22T19:42:45.154170,2026-04-22T19:42:45.154170
7314,user95@gmail.com,user95,SUBSCRIBED,2026-04-22T19:42:45.178739,2026-04-22T19:42:45.178739
7315,user96@yahoo.com,user96,SUBSCRIBED,2026-04-22T19:42:45.198177,2026-04-22T19:42:45.198177
7219,tenmametsuki@gmail.com,tenmametsuki,SUBSCRIBED,2026-04-15T19:50:15.872158,2026-04-15T19:50:15.872158
7316,user97@outlook.com,user97,SUBSCRIBED,2026-04-22T19:42:45.218175,2026-04-22T19:42:45.218175
7317,user98@hotmail.com,user98,SUBSCRIBED,2026-04-22T19:42:45.236286,2026-04-22T19:42:45.236286
7318,user99@example.org,user99,SUBSCRIBED,2026-04-22T19:42:45.254283,2026-04-22T19:42:45.255281
7319,user100@gmail.com,user100,SUBSCRIBED,2026-04-22T19:42:45.269283,2026-04-22T19:42:45.269283
7320,user101@yahoo.com,user101,SUBSCRIBED,2026-04-22T19:42:45.283284,2026-04-22T19:42:45.283284
7321,user102@outlook.com,user102,SUBSCRIBED,2026-04-22T19:42:45.301288,2026-04-22T19:42:45.301288
7322,user103@hotmail.com,user103,SUBSCRIBED,2026-04-22T19:42:45.315290,2026-04-22T19:42:45.315290
7323,user104@example.org,user104,SUBSCRIBED,2026-04-22T19:42:45.328124,2026-04-22T19:42:45.328124
7324,user105@gmail.com,user105,SUBSCRIBED,2026-04-22T19:42:45.345636,2026-04-22T19:42:45.345636
7325,user106@yahoo.com,user106,SUBSCRIBED,2026-04-22T19:42:45.361636,2026-04-22T19:42:45.361636
7326,user107@outlook.com,user107,SUBSCRIBED,2026-04-22T19:42:45.376640,2026-04-22T19:42:45.376640
7327,user108@hotmail.com,user108,SUBSCRIBED,2026-04-22T19:42:45.394640,2026-04-22T19:42:45.394640
7328,user109@example.org,user109,SUBSCRIBED,2026-04-22T19:42:45.409643,2026-04-22T19:42:45.409643
7329,user110@gmail.com,user110,SUBSCRIBED,2026-04-22T19:42:45.428643,2026-04-22T19:42:45.428643
7330,user111@yahoo.com,user111,SUBSCRIBED,2026-04-22T19:42:45.450645,2026-04-22T19:42:45.450645
7331,user112@outlook.com,user112,SUBSCRIBED,2026-04-22T19:42:45.465646,2026-04-22T19:42:45.465646
7332,user113@hotmail.com,user113,SUBSCRIBED,2026-04-22T19:42:45.485649,2026-04-22T19:42:45.485649
7333,user114@example.org,user114,SUBSCRIBED,2026-04-22T19:42:45.502648,2026-04-22T19:42:45.502648
7334,user115@gmail.com,user115,SUBSCRIBED,2026-04-22T19:42:45.520653,2026-04-22T19:42:45.520653
7335,user116@yahoo.com,user116,SUBSCRIBED,2026-04-22T19:42:45.538652,2026-04-22T19:42:45.538652
7336,user117@outlook.com,user117,SUBSCRIBED,2026-04-22T19:42:45.553651,2026-04-22T19:42:45.553651
7337,user118@hotmail.com,user118,SUBSCRIBED,2026-04-22T19:42:45.567653,2026-04-22T19:42:45.567653
7338,user119@example.org,user119,SUBSCRIBED,2026-04-22T19:42:45.582655,2026-04-22T19:42:45.582655
7339,user120@gmail.com,user120,SUBSCRIBED,2026-04-22T19:42:45.595657,2026-04-22T19:42:45.595657
7340,user121@yahoo.com,user121,SUBSCRIBED,2026-04-22T19:42:45.609658,2026-04-22T19:42:45.609658
7341,user122@outlook.com,user122,SUBSCRIBED,2026-04-22T19:42:45.627658,2026-04-22T19:42:45.627658
7342,user123@hotmail.com,user123,SUBSCRIBED,2026-04-22T19:42:45.645660,2026-04-22T19:42:45.645660
7343,user124@example.org,user124,SUBSCRIBED,2026-04-22T19:42:45.673664,2026-04-22T19:42:45.674662
7344,user125@gmail.com,user125,SUBSCRIBED,2026-04-22T19:42:45.696663,2026-04-22T19:42:45.696663
7345,user126@yahoo.com,user126,SUBSCRIBED,2026-04-22T19:42:45.721666,2026-04-22T19:42:45.721666
7346,user127@outlook.com,user127,SUBSCRIBED,2026-04-22T19:42:45.739667,2026-04-22T19:42:45.739667
7347,user128@hotmail.com,user128,SUBSCRIBED,2026-04-22T19:42:45.768670,2026-04-22T19:42:45.768670
7348,user129@example.org,user129,SUBSCRIBED,2026-04-22T19:42:45.808673,2026-04-22T19:42:45.808673
7349,user130@gmail.com,user130,SUBSCRIBED,2026-04-22T19:42:45.822673,2026-04-22T19:42:45.822673
7350,user131@yahoo.com,user131,SUBSCRIBED,2026-04-22T19:42:45.839674,2026-04-22T19:42:45.839674
7351,user132@outlook.com,user132,SUBSCRIBED,2026-04-22T19:42:45.856676,2026-04-22T19:42:45.856676
7352,user133@hotmail.com,user133,SUBSCRIBED,2026-04-22T19:42:45.869678,2026-04-22T19:42:45.869678
7353,user134@example.org,user134,SUBSCRIBED,2026-04-22T19:42:45.882676,2026-04-22T19:42:45.882676
7354,user135@gmail.com,user135,SUBSCRIBED,2026-04-22T19:42:45.897681,2026-04-22T19:42:45.897681
7355,user136@yahoo.com,user136,SUBSCRIBED,2026-04-22T19:42:45.911682,2026-04-22T19:42:45.911682
7356,user137@outlook.com,user137,SUBSCRIBED,2026-04-22T19:42:45.923680,2026-04-22T19:42:45.923680
7357,user138@hotmail.com,user138,SUBSCRIBED,2026-04-22T19:42:45.938682,2026-04-22T19:42:45.938682
7358,user139@example.org,user139,SUBSCRIBED,2026-04-22T19:42:45.953684,2026-04-22T19:42:45.953684
7359,user140@gmail.com,user140,SUBSCRIBED,2026-04-22T19:42:45.966683,2026-04-22T19:42:45.966683
7360,user141@yahoo.com,user141,SUBSCRIBED,2026-04-22T19:42:45.979687,2026-04-22T19:42:45.980686
7361,user142@outlook.com,user142,SUBSCRIBED,2026-04-22T19:42:45.997686,2026-04-22T19:42:45.997686
7362,user143@hotmail.com,user143,SUBSCRIBED,2026-04-22T19:42:46.009689,2026-04-22T19:42:46.009689
7363,user144@example.org,user144,SUBSCRIBED,2026-04-22T19:42:46.020685,2026-04-22T19:42:46.020685
7364,user145@gmail.com,user145,SUBSCRIBED,2026-04-22T19:42:46.033695,2026-04-22T19:42:46.033695
7365,user146@yahoo.com,user146,SUBSCRIBED,2026-04-22T19:42:46.046686,2026-04-22T19:42:46.046686
7366,user147@outlook.com,user147,SUBSCRIBED,2026-04-22T19:42:46.058690,2026-04-22T19:42:46.058690
7367,user148@hotmail.com,user148,SUBSCRIBED,2026-04-22T19:42:46.069689,2026-04-22T19:42:46.069689
7368,user149@example.org,user149,SUBSCRIBED,2026-04-22T19:42:46.080693,2026-04-22T19:42:46.080693
7369,user150@gmail.com,user150,SUBSCRIBED,2026-04-22T19:42:46.093692,2026-04-22T19:42:46.093692
7370,user151@yahoo.com,user151,SUBSCRIBED,2026-04-22T19:42:46.105694,2026-04-22T19:42:46.105694
7371,user152@outlook.com,user152,SUBSCRIBED,2026-04-22T19:42:46.116697,2026-04-22T19:42:46.116697
7372,user153@hotmail.com,user153,SUBSCRIBED,2026-04-22T19:42:46.131698,2026-04-22T19:42:46.131698
7373,user154@example.org,user154,SUBSCRIBED,2026-04-22T19:42:46.143697,2026-04-22T19:42:46.143697
7374,user155@gmail.com,user155,SUBSCRIBED,2026-04-22T19:42:46.155697,2026-04-22T19:42:46.155697
7375,user156@yahoo.com,user156,SUBSCRIBED,2026-04-22T19:42:46.171701,2026-04-22T19:42:46.171701
7376,user157@outlook.com,user157,SUBSCRIBED,2026-04-22T19:42:46.191701,2026-04-22T19:42:46.191701
7377,user158@hotmail.com,user158,SUBSCRIBED,2026-04-22T19:42:46.204702,2026-04-22T19:42:46.205702
7378,user159@example.org,user159,SUBSCRIBED,2026-04-22T19:42:46.230705,2026-04-22T19:42:46.230705
7379,user160@gmail.com,user160,SUBSCRIBED,2026-04-22T19:42:46.243704,2026-04-22T19:42:46.243704
7380,user161@yahoo.com,user161,SUBSCRIBED,2026-04-22T19:42:46.256705,2026-04-22T19:42:46.256705
7381,user162@outlook.com,user162,SUBSCRIBED,2026-04-22T19:42:46.274707,2026-04-22T19:42:46.274707
7382,user163@hotmail.com,user163,SUBSCRIBED,2026-04-22T19:42:46.288706,2026-04-22T19:42:46.288706
7383,user164@example.org,user164,SUBSCRIBED,2026-04-22T19:42:46.300708,2026-04-22T19:42:46.300708
7384,user165@gmail.com,user165,SUBSCRIBED,2026-04-22T19:42:46.318710,2026-04-22T19:42:46.318710
7385,user166@yahoo.com,user166,SUBSCRIBED,2026-04-22T19:42:46.329710,2026-04-22T19:42:46.330711
7386,user167@outlook.com,user167,SUBSCRIBED,2026-04-22T19:42:46.347713,2026-04-22T19:42:46.347713
7387,user168@hotmail.com,user168,SUBSCRIBED,2026-04-22T19:42:46.365574,2026-04-22T19:42:46.365574
7388,user169@example.org,user169,SUBSCRIBED,2026-04-22T19:42:46.377572,2026-04-22T19:42:46.377572
7389,user170@gmail.com,user170,SUBSCRIBED,2026-04-22T19:42:46.389574,2026-04-22T19:42:46.389574
7390,user171@yahoo.com,user171,SUBSCRIBED,2026-04-22T19:42:46.407577,2026-04-22T19:42:46.407577
7391,user172@outlook.com,user172,SUBSCRIBED,2026-04-22T19:42:46.423578,2026-04-22T19:42:46.423578
7392,user173@hotmail.com,user173,SUBSCRIBED,2026-04-22T19:42:46.435582,2026-04-22T19:42:46.435582
7393,user174@example.org,user174,SUBSCRIBED,2026-04-22T19:42:46.445587,2026-04-22T19:42:46.445587
7394,user175@gmail.com,user175,SUBSCRIBED,2026-04-22T19:42:46.461579,2026-04-22T19:42:46.461579
7395,user176@yahoo.com,user176,SUBSCRIBED,2026-04-22T19:42:46.473580,2026-04-22T19:42:46.473580
7396,user177@outlook.com,user177,SUBSCRIBED,2026-04-22T19:42:46.485583,2026-04-22T19:42:46.485583
7397,user178@hotmail.com,user178,SUBSCRIBED,2026-04-22T19:42:46.501588,2026-04-22T19:42:46.501588
7398,user179@example.org,user179,SUBSCRIBED,2026-04-22T19:42:46.518586,2026-04-22T19:42:46.518586
7399,user180@gmail.com,user180,SUBSCRIBED,2026-04-22T19:42:46.532584,2026-04-22T19:42:46.532584
7400,user181@yahoo.com,user181,SUBSCRIBED,2026-04-22T19:42:46.547588,2026-04-22T19:42:46.547588
7401,user182@outlook.com,user182,SUBSCRIBED,2026-04-22T19:42:46.562589,2026-04-22T19:42:46.562589
7402,user183@hotmail.com,user183,SUBSCRIBED,2026-04-22T19:42:46.574589,2026-04-22T19:42:46.574589
7403,user184@example.org,user184,SUBSCRIBED,2026-04-22T19:42:46.589593,2026-04-22T19:42:46.589593
7404,user185@gmail.com,user185,SUBSCRIBED,2026-04-22T19:42:46.605590,2026-04-22T19:42:46.605590
7405,user186@yahoo.com,user186,SUBSCRIBED,2026-04-22T19:42:46.618594,2026-04-22T19:42:46.618594
7406,user187@outlook.com,user187,SUBSCRIBED,2026-04-22T19:42:46.633596,2026-04-22T19:42:46.633596
7407,user188@hotmail.com,user188,SUBSCRIBED,2026-04-22T19:42:46.648594,2026-04-22T19:42:46.648594
7408,user189@example.org,user189,SUBSCRIBED,2026-04-22T19:42:46.664596,2026-04-22T19:42:46.664596
7409,user190@gmail.com,user190,SUBSCRIBED,2026-04-22T19:42:46.683599,2026-04-22T19:42:46.683599
7410,user191@yahoo.com,user191,SUBSCRIBED,2026-04-22T19:42:46.700598,2026-04-22T19:42:46.700598
7411,user192@outlook.com,user192,SUBSCRIBED,2026-04-22T19:42:46.715601,2026-04-22T19:42:46.715601
7412,user193@hotmail.com,user193,SUBSCRIBED,2026-04-22T19:42:46.761602,2026-04-22T19:42:46.761602
7413,user194@example.org,user194,SUBSCRIBED,2026-04-22T19:42:46.803606,2026-04-22T19:42:46.803606
7414,user195@gmail.com,user195,SUBSCRIBED,2026-04-22T19:42:46.817610,2026-04-22T19:42:46.817610
7415,user196@yahoo.com,user196,SUBSCRIBED,2026-04-22T19:42:46.835607,2026-04-22T19:42:46.835607
7416,user197@outlook.com,user197,SUBSCRIBED,2026-04-22T19:42:46.850610,2026-04-22T19:42:46.850610
7417,user198@hotmail.com,user198,SUBSCRIBED,2026-04-22T19:42:46.868614,2026-04-22T19:42:46.868614
7418,user199@example.org,user199,SUBSCRIBED,2026-04-22T19:42:46.884610,2026-04-22T19:42:46.884610
7419,user200@gmail.com,user200,SUBSCRIBED,2026-04-22T19:42:46.898274,2026-04-22T19:42:46.898274
7420,user201@yahoo.com,user201,SUBSCRIBED,2026-04-22T19:42:46.915616,2026-04-22T19:42:46.915616
7421,user202@outlook.com,user202,SUBSCRIBED,2026-04-22T19:42:46.931615,2026-04-22T19:42:46.931615
7422,user203@hotmail.com,user203,SUBSCRIBED,2026-04-22T19:42:46.945615,2026-04-22T19:42:46.945615
7423,user204@example.org,user204,SUBSCRIBED,2026-04-22T19:42:46.959617,2026-04-22T19:42:46.959617
7424,user205@gmail.com,user205,SUBSCRIBED,2026-04-22T19:42:46.972622,2026-04-22T19:42:46.972622
7425,user206@yahoo.com,user206,SUBSCRIBED,2026-04-22T19:42:46.985619,2026-04-22T19:42:46.985619
7426,user207@outlook.com,user207,SUBSCRIBED,2026-04-22T19:42:47.001620,2026-04-22T19:42:47.001620
7427,user208@hotmail.com,user208,SUBSCRIBED,2026-04-22T19:42:47.017622,2026-04-22T19:42:47.017622
7428,user209@example.org,user209,SUBSCRIBED,2026-04-22T19:42:47.029621,2026-04-22T19:42:47.029621
7429,user210@gmail.com,user210,SUBSCRIBED,2026-04-22T19:42:47.040623,2026-04-22T19:42:47.040623
7430,user211@yahoo.com,user211,SUBSCRIBED,2026-04-22T19:42:47.055624,2026-04-22T19:42:47.055624
7431,user212@outlook.com,user212,SUBSCRIBED,2026-04-22T19:42:47.068625,2026-04-22T19:42:47.068625
7432,user213@hotmail.com,user213,SUBSCRIBED,2026-04-22T19:42:47.079626,2026-04-22T19:42:47.079626
7433,user214@example.org,user214,SUBSCRIBED,2026-04-22T19:42:47.093632,2026-04-22T19:42:47.093632
7434,user215@gmail.com,user215,SUBSCRIBED,2026-04-22T19:42:47.107628,2026-04-22T19:42:47.107628
7435,user216@yahoo.com,user216,SUBSCRIBED,2026-04-22T19:42:47.120629,2026-04-22T19:42:47.120629
7436,user217@outlook.com,user217,SUBSCRIBED,2026-04-22T19:42:47.132630,2026-04-22T19:42:47.132630
7437,user218@hotmail.com,user218,SUBSCRIBED,2026-04-22T19:42:47.147643,2026-04-22T19:42:47.147643
7438,user219@example.org,user219,SUBSCRIBED,2026-04-22T19:42:47.158633,2026-04-22T19:42:47.158633
7439,user220@gmail.com,user220,SUBSCRIBED,2026-04-22T19:42:47.169634,2026-04-22T19:42:47.169634
7440,user221@yahoo.com,user221,SUBSCRIBED,2026-04-22T19:42:47.182634,2026-04-22T19:42:47.182634
7441,user222@outlook.com,user222,SUBSCRIBED,2026-04-22T19:42:47.196634,2026-04-22T19:42:47.196634
7442,user223@hotmail.com,user223,SUBSCRIBED,2026-04-22T19:42:47.207635,2026-04-22T19:42:47.207635
7443,user224@example.org,user224,SUBSCRIBED,2026-04-22T19:42:47.219635,2026-04-22T19:42:47.219635
7444,user225@gmail.com,user225,SUBSCRIBED,2026-04-22T19:42:47.234639,2026-04-22T19:42:47.234639
7445,user226@yahoo.com,user226,SUBSCRIBED,2026-04-22T19:42:47.248640,2026-04-22T19:42:47.248640
7446,user227@outlook.com,user227,SUBSCRIBED,2026-04-22T19:42:47.258672,2026-04-22T19:42:47.258672
7447,user228@hotmail.com,user228,SUBSCRIBED,2026-04-22T19:42:47.270642,2026-04-22T19:42:47.270642
7448,user229@example.org,user229,SUBSCRIBED,2026-04-22T19:42:47.287643,2026-04-22T19:42:47.287643
7449,user230@gmail.com,user230,SUBSCRIBED,2026-04-22T19:42:47.300643,2026-04-22T19:42:47.300643
7450,user231@yahoo.com,user231,SUBSCRIBED,2026-04-22T19:42:47.310643,2026-04-22T19:42:47.310643
7451,user232@outlook.com,user232,SUBSCRIBED,2026-04-22T19:42:47.323644,2026-04-22T19:42:47.323644
7452,user233@hotmail.com,user233,SUBSCRIBED,2026-04-22T19:42:47.338644,2026-04-22T19:42:47.338644
7453,user234@example.org,user234,SUBSCRIBED,2026-04-22T19:42:47.350646,2026-04-22T19:42:47.351648
7454,user235@gmail.com,user235,SUBSCRIBED,2026-04-22T19:42:47.361649,2026-04-22T19:42:47.361649
7455,user236@yahoo.com,user236,SUBSCRIBED,2026-04-22T19:42:47.373652,2026-04-22T19:42:47.373652
7456,user237@outlook.com,user237,SUBSCRIBED,2026-04-22T19:42:47.386649,2026-04-22T19:42:47.386649
7457,user238@hotmail.com,user238,SUBSCRIBED,2026-04-22T19:42:47.399651,2026-04-22T19:42:47.399651
7458,user239@example.org,user239,SUBSCRIBED,2026-04-22T19:42:47.412651,2026-04-22T19:42:47.412651
7459,user240@gmail.com,user240,SUBSCRIBED,2026-04-22T19:42:47.426656,2026-04-22T19:42:47.426656
7460,user241@yahoo.com,user241,SUBSCRIBED,2026-04-22T19:42:47.439653,2026-04-22T19:42:47.439653
7461,user242@outlook.com,user242,SUBSCRIBED,2026-04-22T19:42:47.450651,2026-04-22T19:42:47.450651
7462,user243@hotmail.com,user243,SUBSCRIBED,2026-04-22T19:42:47.458656,2026-04-22T19:42:47.459658
7463,user244@example.org,user244,SUBSCRIBED,2026-04-22T19:42:47.475659,2026-04-22T19:42:47.475659
7464,user245@gmail.com,user245,SUBSCRIBED,2026-04-22T19:42:47.490658,2026-04-22T19:42:47.490658
7465,user246@yahoo.com,user246,SUBSCRIBED,2026-04-22T19:42:47.502655,2026-04-22T19:42:47.502655
7466,user247@outlook.com,user247,SUBSCRIBED,2026-04-22T19:42:47.515659,2026-04-22T19:42:47.515659
7467,user248@hotmail.com,user248,SUBSCRIBED,2026-04-22T19:42:47.528660,2026-04-22T19:42:47.528660
7468,user249@example.org,user249,SUBSCRIBED,2026-04-22T19:42:47.539660,2026-04-22T19:42:47.539660
7469,user250@gmail.com,user250,SUBSCRIBED,2026-04-22T19:42:47.552662,2026-04-22T19:42:47.552662
7470,user251@yahoo.com,user251,SUBSCRIBED,2026-04-22T19:42:47.567666,2026-04-22T19:42:47.568663
7471,user252@outlook.com,user252,SUBSCRIBED,2026-04-22T19:42:47.580664,2026-04-22T19:42:47.580664
7472,user253@hotmail.com,user253,SUBSCRIBED,2026-04-22T19:42:47.605666,2026-04-22T19:42:47.605666
7473,user254@example.org,user254,SUBSCRIBED,2026-04-22T19:42:47.625666,2026-04-22T19:42:47.625666
7474,user255@gmail.com,user255,SUBSCRIBED,2026-04-22T19:42:47.638669,2026-04-22T19:42:47.638669
7475,user256@yahoo.com,user256,SUBSCRIBED,2026-04-22T19:42:47.657670,2026-04-22T19:42:47.658669
7476,user257@outlook.com,user257,SUBSCRIBED,2026-04-22T19:42:47.691674,2026-04-22T19:42:47.691674
7477,user258@hotmail.com,user258,SUBSCRIBED,2026-04-22T19:42:47.712673,2026-04-22T19:42:47.712673
7478,user259@example.org,user259,SUBSCRIBED,2026-04-22T19:42:47.724675,2026-04-22T19:42:47.724675
7479,user260@gmail.com,user260,SUBSCRIBED,2026-04-22T19:42:47.735508,2026-04-22T19:42:47.735508
7480,user261@yahoo.com,user261,SUBSCRIBED,2026-04-22T19:42:47.749710,2026-04-22T19:42:47.749710
7481,user262@outlook.com,user262,SUBSCRIBED,2026-04-22T19:42:47.761705,2026-04-22T19:42:47.761705
7482,user263@hotmail.com,user263,SUBSCRIBED,2026-04-22T19:42:47.771706,2026-04-22T19:42:47.771706
7483,user264@example.org,user264,SUBSCRIBED,2026-04-22T19:42:47.782708,2026-04-22T19:42:47.782708
7484,user265@gmail.com,user265,SUBSCRIBED,2026-04-22T19:42:47.794707,2026-04-22T19:42:47.794707
7485,user266@yahoo.com,user266,SUBSCRIBED,2026-04-22T19:42:47.808709,2026-04-22T19:42:47.808709
7486,user267@outlook.com,user267,SUBSCRIBED,2026-04-22T19:42:47.821710,2026-04-22T19:42:47.821710
7487,user268@hotmail.com,user268,SUBSCRIBED,2026-04-22T19:42:47.835717,2026-04-22T19:42:47.836712
7488,user269@example.org,user269,SUBSCRIBED,2026-04-22T19:42:47.852714,2026-04-22T19:42:47.852714
7489,user270@gmail.com,user270,SUBSCRIBED,2026-04-22T19:42:47.868714,2026-04-22T19:42:47.868714
7490,user271@yahoo.com,user271,SUBSCRIBED,2026-04-22T19:42:47.886719,2026-04-22T19:42:47.886719
7491,user272@outlook.com,user272,SUBSCRIBED,2026-04-22T19:42:47.905717,2026-04-22T19:42:47.905717
7492,user273@hotmail.com,user273,SUBSCRIBED,2026-04-22T19:42:47.918718,2026-04-22T19:42:47.918718
7493,user274@example.org,user274,SUBSCRIBED,2026-04-22T19:42:47.932720,2026-04-22T19:42:47.932720
7494,user275@gmail.com,user275,SUBSCRIBED,2026-04-22T19:42:47.945719,2026-04-22T19:42:47.945719
7495,user276@yahoo.com,user276,SUBSCRIBED,2026-04-22T19:42:47.956719,2026-04-22T19:42:47.956719
7496,user277@outlook.com,user277,SUBSCRIBED,2026-04-22T19:42:47.967720,2026-04-22T19:42:47.967720
7497,user278@hotmail.com,user278,SUBSCRIBED,2026-04-22T19:42:47.978724,2026-04-22T19:42:47.978724
7498,user279@example.org,user279,SUBSCRIBED,2026-04-22T19:42:47.992722,2026-04-22T19:42:47.992722
7499,user280@gmail.com,user280,SUBSCRIBED,2026-04-22T19:42:48.003723,2026-04-22T19:42:48.003723
7500,user281@yahoo.com,user281,SUBSCRIBED,2026-04-22T19:42:48.013724,2026-04-22T19:42:48.013724
7501,user282@outlook.com,user282,SUBSCRIBED,2026-04-22T19:42:48.026728,2026-04-22T19:42:48.026728
7502,user283@hotmail.com,user283,SUBSCRIBED,2026-04-22T19:42:48.039727,2026-04-22T19:42:48.039727
7503,user284@example.org,user284,SUBSCRIBED,2026-04-22T19:42:48.052727,2026-04-22T19:42:48.052727
7504,user285@gmail.com,user285,SUBSCRIBED,2026-04-22T19:42:48.064728,2026-04-22T19:42:48.064728
7505,user286@yahoo.com,user286,SUBSCRIBED,2026-04-22T19:42:48.082729,2026-04-22T19:42:48.083730
7506,user287@outlook.com,user287,SUBSCRIBED,2026-04-22T19:42:48.095731,2026-04-22T19:42:48.095731
7507,user288@hotmail.com,user288,SUBSCRIBED,2026-04-22T19:42:48.107731,2026-04-22T19:42:48.107731
7508,user289@example.org,user289,SUBSCRIBED,2026-04-22T19:42:48.124735,2026-04-22T19:42:48.124735
7509,user290@gmail.com,user290,SUBSCRIBED,2026-04-22T19:42:48.136733,2026-04-22T19:42:48.136733
7510,user291@yahoo.com,user291,SUBSCRIBED,2026-04-22T19:42:48.146734,2026-04-22T19:42:48.146734
7511,user292@outlook.com,user292,SUBSCRIBED,2026-04-22T19:42:48.158734,2026-04-22T19:42:48.158734
7512,user293@hotmail.com,user293,SUBSCRIBED,2026-04-22T19:42:48.173736,2026-04-22T19:42:48.173736
7513,user294@example.org,user294,SUBSCRIBED,2026-04-22T19:42:48.186736,2026-04-22T19:42:48.186736
7514,user295@gmail.com,user295,SUBSCRIBED,2026-04-22T19:42:48.199739,2026-04-22T19:42:48.199739
7515,user296@yahoo.com,user296,SUBSCRIBED,2026-04-22T19:42:48.214740,2026-04-22T19:42:48.214740
7516,user297@outlook.com,user297,SUBSCRIBED,2026-04-22T19:42:48.226740,2026-04-22T19:42:48.226740
7517,user298@hotmail.com,user298,SUBSCRIBED,2026-04-22T19:42:48.237741,2026-04-22T19:42:48.237741
7518,user299@example.org,user299,SUBSCRIBED,2026-04-22T19:42:48.250755,2026-04-22T19:42:48.250817
7519,user300@gmail.com,user300,SUBSCRIBED,2026-04-22T19:42:48.261743,2026-04-22T19:42:48.261743
7520,user301@yahoo.com,user301,SUBSCRIBED,2026-04-22T19:42:48.272745,2026-04-22T19:42:48.272745
7521,user302@outlook.com,user302,SUBSCRIBED,2026-04-22T19:42:48.283749,2026-04-22T19:42:48.283749
7522,user303@hotmail.com,user303,SUBSCRIBED,2026-04-22T19:42:48.293749,2026-04-22T19:42:48.293749
7523,user304@example.org,user304,SUBSCRIBED,2026-04-22T19:42:48.308274,2026-04-22T19:42:48.308274
7524,user305@gmail.com,user305,SUBSCRIBED,2026-04-22T19:42:48.318275,2026-04-22T19:42:48.318275
7525,user306@yahoo.com,user306,SUBSCRIBED,2026-04-22T19:42:48.327272,2026-04-22T19:42:48.327272
7526,user307@outlook.com,user307,SUBSCRIBED,2026-04-22T19:42:48.338276,2026-04-22T19:42:48.338276
7527,user308@hotmail.com,user308,SUBSCRIBED,2026-04-22T19:42:48.352276,2026-04-22T19:42:48.352276
7528,user309@example.org,user309,SUBSCRIBED,2026-04-22T19:42:48.364278,2026-04-22T19:42:48.364278
7529,user310@gmail.com,user310,SUBSCRIBED,2026-04-22T19:42:48.375280,2026-04-22T19:42:48.375280
7530,user311@yahoo.com,user311,SUBSCRIBED,2026-04-22T19:42:48.385277,2026-04-22T19:42:48.385277
7531,user312@outlook.com,user312,SUBSCRIBED,2026-04-22T19:42:48.399285,2026-04-22T19:42:48.399285
7532,user313@hotmail.com,user313,SUBSCRIBED,2026-04-22T19:42:48.411281,2026-04-22T19:42:48.411281
7533,user314@example.org,user314,SUBSCRIBED,2026-04-22T19:42:48.423281,2026-04-22T19:42:48.423281
7534,user315@gmail.com,user315,SUBSCRIBED,2026-04-22T19:42:48.434283,2026-04-22T19:42:48.434283
7535,user316@yahoo.com,user316,SUBSCRIBED,2026-04-22T19:42:48.449293,2026-04-22T19:42:48.449293
7536,user317@outlook.com,user317,SUBSCRIBED,2026-04-22T19:42:48.464292,2026-04-22T19:42:48.464292
7537,user318@hotmail.com,user318,SUBSCRIBED,2026-04-22T19:42:48.482286,2026-04-22T19:42:48.482286
7538,user319@example.org,user319,SUBSCRIBED,2026-04-22T19:42:48.494290,2026-04-22T19:42:48.494290
7539,user320@gmail.com,user320,SUBSCRIBED,2026-04-22T19:42:48.507290,2026-04-22T19:42:48.507290
7540,user321@yahoo.com,user321,SUBSCRIBED,2026-04-22T19:42:48.519288,2026-04-22T19:42:48.520289
7541,user322@outlook.com,user322,SUBSCRIBED,2026-04-22T19:42:48.534293,2026-04-22T19:42:48.534293
7542,user323@hotmail.com,user323,SUBSCRIBED,2026-04-22T19:42:48.545290,2026-04-22T19:42:48.545290
7543,user324@example.org,user324,SUBSCRIBED,2026-04-22T19:42:48.556291,2026-04-22T19:42:48.556291
7544,user325@gmail.com,user325,SUBSCRIBED,2026-04-22T19:42:48.571291,2026-04-22T19:42:48.571291
7545,user326@yahoo.com,user326,SUBSCRIBED,2026-04-22T19:42:48.585299,2026-04-22T19:42:48.585299
7546,user327@outlook.com,user327,SUBSCRIBED,2026-04-22T19:42:48.595294,2026-04-22T19:42:48.595294
7547,user328@hotmail.com,user328,SUBSCRIBED,2026-04-22T19:42:48.605293,2026-04-22T19:42:48.606295
7548,user329@example.org,user329,SUBSCRIBED,2026-04-22T19:42:48.616296,2026-04-22T19:42:48.616296
7549,user330@gmail.com,user330,SUBSCRIBED,2026-04-22T19:42:48.629299,2026-04-22T19:42:48.629299
7550,user331@yahoo.com,user331,SUBSCRIBED,2026-04-22T19:42:48.641299,2026-04-22T19:42:48.641299
7551,user332@outlook.com,user332,SUBSCRIBED,2026-04-22T19:42:48.652304,2026-04-22T19:42:48.652304
7552,user333@hotmail.com,user333,SUBSCRIBED,2026-04-22T19:42:48.660301,2026-04-22T19:42:48.660301
7553,user334@example.org,user334,SUBSCRIBED,2026-04-22T19:42:48.704302,2026-04-22T19:42:48.704302
7554,user335@gmail.com,user335,SUBSCRIBED,2026-04-22T19:42:48.720304,2026-04-22T19:42:48.720304
7555,user336@yahoo.com,user336,SUBSCRIBED,2026-04-22T19:42:48.734304,2026-04-22T19:42:48.734304
7556,user337@outlook.com,user337,SUBSCRIBED,2026-04-22T19:42:48.745304,2026-04-22T19:42:48.745304
7557,user338@hotmail.com,user338,SUBSCRIBED,2026-04-22T19:42:48.756307,2026-04-22T19:42:48.756307
7558,user339@example.org,user339,SUBSCRIBED,2026-04-22T19:42:48.772307,2026-04-22T19:42:48.772307
7559,user340@gmail.com,user340,SUBSCRIBED,2026-04-22T19:42:48.785309,2026-04-22T19:42:48.785309
7560,user341@yahoo.com,user341,SUBSCRIBED,2026-04-22T19:42:48.824313,2026-04-22T19:42:48.824313
7561,user342@outlook.com,user342,SUBSCRIBED,2026-04-22T19:42:48.836312,2026-04-22T19:42:48.837311
7562,user343@hotmail.com,user343,SUBSCRIBED,2026-04-22T19:42:48.850313,2026-04-22T19:42:48.850313
7563,user344@example.org,user344,SUBSCRIBED,2026-04-22T19:42:48.865323,2026-04-22T19:42:48.865323
7564,user345@gmail.com,user345,SUBSCRIBED,2026-04-22T19:42:48.877319,2026-04-22T19:42:48.877319
7565,user346@yahoo.com,user346,SUBSCRIBED,2026-04-22T19:42:48.888316,2026-04-22T19:42:48.888316
7566,user347@outlook.com,user347,SUBSCRIBED,2026-04-22T19:42:48.900321,2026-04-22T19:42:48.900321
7567,user348@hotmail.com,user348,SUBSCRIBED,2026-04-22T19:42:48.914320,2026-04-22T19:42:48.914320
7568,user349@example.org,user349,SUBSCRIBED,2026-04-22T19:42:48.925320,2026-04-22T19:42:48.925320
7569,user350@gmail.com,user350,SUBSCRIBED,2026-04-22T19:42:48.935322,2026-04-22T19:42:48.935322
7570,user351@yahoo.com,user351,SUBSCRIBED,2026-04-22T19:42:48.949322,2026-04-22T19:42:48.949322
7571,user352@outlook.com,user352,SUBSCRIBED,2026-04-22T19:42:48.961322,2026-04-22T19:42:48.961322
7572,user353@hotmail.com,user353,SUBSCRIBED,2026-04-22T19:42:48.973323,2026-04-22T19:42:48.973323
7573,user354@example.org,user354,SUBSCRIBED,2026-04-22T19:42:48.984324,2026-04-22T19:42:48.984324
7574,user355@gmail.com,user355,SUBSCRIBED,2026-04-22T19:42:48.999325,2026-04-22T19:42:48.999325
7575,user356@yahoo.com,user356,SUBSCRIBED,2026-04-22T19:42:49.009324,2026-04-22T19:42:49.009324
7576,user357@outlook.com,user357,SUBSCRIBED,2026-04-22T19:42:49.021327,2026-04-22T19:42:49.021327
7577,user358@hotmail.com,user358,SUBSCRIBED,2026-04-22T19:42:49.032328,2026-04-22T19:42:49.032328
7578,user359@example.org,user359,SUBSCRIBED,2026-04-22T19:42:49.046332,2026-04-22T19:42:49.046332
7579,user360@gmail.com,user360,SUBSCRIBED,2026-04-22T19:42:49.058329,2026-04-22T19:42:49.058329
7580,user361@yahoo.com,user361,SUBSCRIBED,2026-04-22T19:42:49.069329,2026-04-22T19:42:49.069329
7581,user362@outlook.com,user362,SUBSCRIBED,2026-04-22T19:42:49.079849,2026-04-22T19:42:49.079849
7582,user363@hotmail.com,user363,SUBSCRIBED,2026-04-22T19:42:49.093088,2026-04-22T19:42:49.093088
7583,user364@example.org,user364,SUBSCRIBED,2026-04-22T19:42:49.106088,2026-04-22T19:42:49.106088
7584,user365@gmail.com,user365,SUBSCRIBED,2026-04-22T19:42:49.119089,2026-04-22T19:42:49.119089
7585,user366@yahoo.com,user366,SUBSCRIBED,2026-04-22T19:42:49.133095,2026-04-22T19:42:49.133095
7586,user367@outlook.com,user367,SUBSCRIBED,2026-04-22T19:42:49.148093,2026-04-22T19:42:49.148093
7587,user368@hotmail.com,user368,SUBSCRIBED,2026-04-22T19:42:49.158094,2026-04-22T19:42:49.158094
7588,user369@example.org,user369,SUBSCRIBED,2026-04-22T19:42:49.169094,2026-04-22T19:42:49.169094
7589,user370@gmail.com,user370,SUBSCRIBED,2026-04-22T19:42:49.182100,2026-04-22T19:42:49.182100
7590,user371@yahoo.com,user371,SUBSCRIBED,2026-04-22T19:42:49.193094,2026-04-22T19:42:49.193094
7591,user372@outlook.com,user372,SUBSCRIBED,2026-04-22T19:42:49.203095,2026-04-22T19:42:49.203095
7592,user373@hotmail.com,user373,SUBSCRIBED,2026-04-22T19:42:49.213095,2026-04-22T19:42:49.213095
7593,user374@example.org,user374,SUBSCRIBED,2026-04-22T19:42:49.224098,2026-04-22T19:42:49.224098
7594,user375@gmail.com,user375,SUBSCRIBED,2026-04-22T19:42:49.236098,2026-04-22T19:42:49.236098
7595,user376@yahoo.com,user376,SUBSCRIBED,2026-04-22T19:42:49.246097,2026-04-22T19:42:49.246097
7596,user377@outlook.com,user377,SUBSCRIBED,2026-04-22T19:42:49.256099,2026-04-22T19:42:49.256099
7597,user378@hotmail.com,user378,SUBSCRIBED,2026-04-22T19:42:49.269100,2026-04-22T19:42:49.269100
7598,user379@example.org,user379,SUBSCRIBED,2026-04-22T19:42:49.277104,2026-04-22T19:42:49.277104
7599,user380@gmail.com,user380,SUBSCRIBED,2026-04-22T19:42:49.285101,2026-04-22T19:42:49.285101
7600,user381@yahoo.com,user381,SUBSCRIBED,2026-04-22T19:42:49.295102,2026-04-22T19:42:49.295102
7601,user382@outlook.com,user382,SUBSCRIBED,2026-04-22T19:42:49.309101,2026-04-22T19:42:49.309101
7602,user383@hotmail.com,user383,SUBSCRIBED,2026-04-22T19:42:49.318107,2026-04-22T19:42:49.318107
7603,user384@example.org,user384,SUBSCRIBED,2026-04-22T19:42:49.329104,2026-04-22T19:42:49.329104
7604,user385@gmail.com,user385,SUBSCRIBED,2026-04-22T19:42:49.341106,2026-04-22T19:42:49.341106
7605,user386@yahoo.com,user386,SUBSCRIBED,2026-04-22T19:42:49.348104,2026-04-22T19:42:49.348104
7606,user387@outlook.com,user387,SUBSCRIBED,2026-04-22T19:42:49.355105,2026-04-22T19:42:49.355105
7607,user388@hotmail.com,user388,SUBSCRIBED,2026-04-22T19:42:49.363106,2026-04-22T19:42:49.363106
7608,user389@example.org,user389,SUBSCRIBED,2026-04-22T19:42:49.370107,2026-04-22T19:42:49.370107
7609,user390@gmail.com,user390,SUBSCRIBED,2026-04-22T19:42:49.380108,2026-04-22T19:42:49.380108
7610,user391@yahoo.com,user391,SUBSCRIBED,2026-04-22T19:42:49.388110,2026-04-22T19:42:49.388110
7611,user392@outlook.com,user392,SUBSCRIBED,2026-04-22T19:42:49.403109,2026-04-22T19:42:49.403109
7612,user393@hotmail.com,user393,SUBSCRIBED,2026-04-22T19:42:49.412110,2026-04-22T19:42:49.412110
7613,user394@example.org,user394,SUBSCRIBED,2026-04-22T19:42:49.417821,2026-04-22T19:42:49.417821
7614,user395@gmail.com,user395,SUBSCRIBED,2026-04-22T19:42:49.424820,2026-04-22T19:42:49.424820
7615,user396@yahoo.com,user396,SUBSCRIBED,2026-04-22T19:42:49.430823,2026-04-22T19:42:49.430823
7616,user397@outlook.com,user397,SUBSCRIBED,2026-04-22T19:42:49.436822,2026-04-22T19:42:49.436822
7617,user398@hotmail.com,user398,SUBSCRIBED,2026-04-22T19:42:49.444826,2026-04-22T19:42:49.444826
7618,user399@example.org,user399,SUBSCRIBED,2026-04-22T19:42:49.458825,2026-04-22T19:42:49.458825
7619,user400@gmail.com,user400,SUBSCRIBED,2026-04-22T19:42:49.489826,2026-04-22T19:42:49.489826
7620,user401@yahoo.com,user401,SUBSCRIBED,2026-04-22T19:42:49.497828,2026-04-22T19:42:49.497828
7621,user402@outlook.com,user402,SUBSCRIBED,2026-04-22T19:42:49.506831,2026-04-22T19:42:49.506831
7622,user403@hotmail.com,user403,SUBSCRIBED,2026-04-22T19:42:49.516829,2026-04-22T19:42:49.516829
7623,user404@example.org,user404,SUBSCRIBED,2026-04-22T19:42:49.524830,2026-04-22T19:42:49.524830
7624,user405@gmail.com,user405,SUBSCRIBED,2026-04-22T19:42:49.534831,2026-04-22T19:42:49.534831
7625,user406@yahoo.com,user406,SUBSCRIBED,2026-04-22T19:42:49.546835,2026-04-22T19:42:49.546835
7626,user407@outlook.com,user407,SUBSCRIBED,2026-04-22T19:42:49.560834,2026-04-22T19:42:49.560834
7627,user408@hotmail.com,user408,SUBSCRIBED,2026-04-22T19:42:49.568834,2026-04-22T19:42:49.568834
7628,user409@example.org,user409,SUBSCRIBED,2026-04-22T19:42:49.578833,2026-04-22T19:42:49.578833
7629,user410@gmail.com,user410,SUBSCRIBED,2026-04-22T19:42:49.588835,2026-04-22T19:42:49.588835
7630,user411@yahoo.com,user411,SUBSCRIBED,2026-04-22T19:42:49.602837,2026-04-22T19:42:49.602837
7631,user412@outlook.com,user412,SUBSCRIBED,2026-04-22T19:42:49.616837,2026-04-22T19:42:49.616837
7632,user413@hotmail.com,user413,SUBSCRIBED,2026-04-22T19:42:49.624837,2026-04-22T19:42:49.625838
7633,user414@example.org,user414,SUBSCRIBED,2026-04-22T19:42:49.636839,2026-04-22T19:42:49.636839
7634,user415@gmail.com,user415,SUBSCRIBED,2026-04-22T19:42:49.653841,2026-04-22T19:42:49.653841
7635,user416@yahoo.com,user416,SUBSCRIBED,2026-04-22T19:42:49.663840,2026-04-22T19:42:49.663840
7636,user417@outlook.com,user417,SUBSCRIBED,2026-04-22T19:42:49.674841,2026-04-22T19:42:49.674841
7637,user418@hotmail.com,user418,SUBSCRIBED,2026-04-22T19:42:49.686852,2026-04-22T19:42:49.686852
7638,user419@example.org,user419,SUBSCRIBED,2026-04-22T19:42:49.697843,2026-04-22T19:42:49.697843
7639,user420@gmail.com,user420,SUBSCRIBED,2026-04-22T19:42:49.708846,2026-04-22T19:42:49.708846
7640,user421@yahoo.com,user421,SUBSCRIBED,2026-04-22T19:42:49.717844,2026-04-22T19:42:49.717844
7641,user422@outlook.com,user422,SUBSCRIBED,2026-04-22T19:42:49.725845,2026-04-22T19:42:49.725845
7642,user423@hotmail.com,user423,SUBSCRIBED,2026-04-22T19:42:49.736846,2026-04-22T19:42:49.736846
7643,user424@example.org,user424,SUBSCRIBED,2026-04-22T19:42:49.746846,2026-04-22T19:42:49.746846
7644,user425@gmail.com,user425,SUBSCRIBED,2026-04-22T19:42:49.756848,2026-04-22T19:42:49.756848
7645,user426@yahoo.com,user426,SUBSCRIBED,2026-04-22T19:42:49.764846,2026-04-22T19:42:49.764846
7646,user427@outlook.com,user427,SUBSCRIBED,2026-04-22T19:42:49.771848,2026-04-22T19:42:49.771848
7647,user428@hotmail.com,user428,SUBSCRIBED,2026-04-22T19:42:49.781855,2026-04-22T19:42:49.781855
7648,user429@example.org,user429,SUBSCRIBED,2026-04-22T19:42:49.790851,2026-04-22T19:42:49.790851
7649,user430@gmail.com,user430,SUBSCRIBED,2026-04-22T19:42:49.798853,2026-04-22T19:42:49.798853
7650,user431@yahoo.com,user431,SUBSCRIBED,2026-04-22T19:42:49.804850,2026-04-22T19:42:49.804850
7651,user432@outlook.com,user432,SUBSCRIBED,2026-04-22T19:42:49.810855,2026-04-22T19:42:49.810855
7652,user433@hotmail.com,user433,SUBSCRIBED,2026-04-22T19:42:49.816854,2026-04-22T19:42:49.816854
7653,user434@example.org,user434,SUBSCRIBED,2026-04-22T19:42:49.822854,2026-04-22T19:42:49.822854
7654,user435@gmail.com,user435,SUBSCRIBED,2026-04-22T19:42:49.830853,2026-04-22T19:42:49.830853
7655,user436@yahoo.com,user436,SUBSCRIBED,2026-04-22T19:42:49.838853,2026-04-22T19:42:49.838853
7656,user437@outlook.com,user437,SUBSCRIBED,2026-04-22T19:42:49.846853,2026-04-22T19:42:49.846853
7657,user438@hotmail.com,user438,SUBSCRIBED,2026-04-22T19:42:49.852858,2026-04-22T19:42:49.852858
7658,user439@example.org,user439,SUBSCRIBED,2026-04-22T19:42:49.861859,2026-04-22T19:42:49.861859
7659,user440@gmail.com,user440,SUBSCRIBED,2026-04-22T19:42:49.867858,2026-04-22T19:42:49.867858
7660,user441@yahoo.com,user441,SUBSCRIBED,2026-04-22T19:42:49.873859,2026-04-22T19:42:49.873859
7661,user442@outlook.com,user442,SUBSCRIBED,2026-04-22T19:42:49.879857,2026-04-22T19:42:49.879857
7662,user443@hotmail.com,user443,SUBSCRIBED,2026-04-22T19:42:49.884854,2026-04-22T19:42:49.884854
7663,user444@example.org,user444,SUBSCRIBED,2026-04-22T19:42:49.889861,2026-04-22T19:42:49.889861
7664,user445@gmail.com,user445,SUBSCRIBED,2026-04-22T19:42:49.896860,2026-04-22T19:42:49.896860
7665,user446@yahoo.com,user446,SUBSCRIBED,2026-04-22T19:42:49.902857,2026-04-22T19:42:49.902857
7666,user447@outlook.com,user447,SUBSCRIBED,2026-04-22T19:42:49.909858,2026-04-22T19:42:49.909858
7667,user448@hotmail.com,user448,SUBSCRIBED,2026-04-22T19:42:49.916858,2026-04-22T19:42:49.916858
7668,user449@example.org,user449,SUBSCRIBED,2026-04-22T19:42:49.923863,2026-04-22T19:42:49.923863
7669,user450@gmail.com,user450,SUBSCRIBED,2026-04-22T19:42:49.930864,2026-04-22T19:42:49.930864
7670,user451@yahoo.com,user451,SUBSCRIBED,2026-04-22T19:42:49.939860,2026-04-22T19:42:49.939860
7671,user452@outlook.com,user452,SUBSCRIBED,2026-04-22T19:42:49.949859,2026-04-22T19:42:49.949859
7672,user453@hotmail.com,user453,SUBSCRIBED,2026-04-22T19:42:49.956862,2026-04-22T19:42:49.956862
7673,user454@example.org,user454,SUBSCRIBED,2026-04-22T19:42:49.964866,2026-04-22T19:42:49.964866
7674,user455@gmail.com,user455,SUBSCRIBED,2026-04-22T19:42:49.970865,2026-04-22T19:42:49.970865
7675,user456@yahoo.com,user456,SUBSCRIBED,2026-04-22T19:42:49.976865,2026-04-22T19:42:49.976865
7676,user457@outlook.com,user457,SUBSCRIBED,2026-04-22T19:42:49.982867,2026-04-22T19:42:49.982867
7677,user458@hotmail.com,user458,SUBSCRIBED,2026-04-22T19:42:49.991868,2026-04-22T19:42:49.991868
7678,user459@example.org,user459,SUBSCRIBED,2026-04-22T19:42:49.998864,2026-04-22T19:42:49.998864
7679,user460@gmail.com,user460,SUBSCRIBED,2026-04-22T19:42:50.006866,2026-04-22T19:42:50.006866
7680,user461@yahoo.com,user461,SUBSCRIBED,2026-04-22T19:42:50.019869,2026-04-22T19:42:50.019869
7681,user462@outlook.com,user462,SUBSCRIBED,2026-04-22T19:42:50.031875,2026-04-22T19:42:50.031875
7682,user463@hotmail.com,user463,SUBSCRIBED,2026-04-22T19:42:50.043869,2026-04-22T19:42:50.043869
7683,user464@example.org,user464,SUBSCRIBED,2026-04-22T19:42:50.053870,2026-04-22T19:42:50.053870
7684,user465@gmail.com,user465,SUBSCRIBED,2026-04-22T19:42:50.061873,2026-04-22T19:42:50.061873
7685,user466@yahoo.com,user466,SUBSCRIBED,2026-04-22T19:42:50.071879,2026-04-22T19:42:50.071879
7686,user467@outlook.com,user467,SUBSCRIBED,2026-04-22T19:42:50.083875,2026-04-22T19:42:50.083875
7687,user468@hotmail.com,user468,SUBSCRIBED,2026-04-22T19:42:50.093873,2026-04-22T19:42:50.093873
7688,user469@example.org,user469,SUBSCRIBED,2026-04-22T19:42:50.101873,2026-04-22T19:42:50.101873
7689,user470@gmail.com,user470,SUBSCRIBED,2026-04-22T19:42:50.109876,2026-04-22T19:42:50.109876
7690,user471@yahoo.com,user471,SUBSCRIBED,2026-04-22T19:42:50.115878,2026-04-22T19:42:50.115878
7691,user472@outlook.com,user472,SUBSCRIBED,2026-04-22T19:42:50.125883,2026-04-22T19:42:50.125883
7692,user473@hotmail.com,user473,SUBSCRIBED,2026-04-22T19:42:50.132874,2026-04-22T19:42:50.132874
7693,user474@example.org,user474,SUBSCRIBED,2026-04-22T19:42:50.140877,2026-04-22T19:42:50.140877
7694,user475@gmail.com,user475,SUBSCRIBED,2026-04-22T19:42:50.147876,2026-04-22T19:42:50.147876
7695,user476@yahoo.com,user476,SUBSCRIBED,2026-04-22T19:42:50.154879,2026-04-22T19:42:50.154879
7696,user477@outlook.com,user477,SUBSCRIBED,2026-04-22T19:42:50.161878,2026-04-22T19:42:50.161878
7697,user478@hotmail.com,user478,SUBSCRIBED,2026-04-22T19:42:50.170880,2026-04-22T19:42:50.170880
7698,user479@example.org,user479,SUBSCRIBED,2026-04-22T19:42:50.179877,2026-04-22T19:42:50.179877
7699,user480@gmail.com,user480,SUBSCRIBED,2026-04-22T19:42:50.187879,2026-04-22T19:42:50.187879
7700,user481@yahoo.com,user481,SUBSCRIBED,2026-04-22T19:42:50.195884,2026-04-22T19:42:50.195884
7701,user482@outlook.com,user482,SUBSCRIBED,2026-04-22T19:42:50.202882,2026-04-22T19:42:50.202882
7702,user483@hotmail.com,user483,SUBSCRIBED,2026-04-22T19:42:50.212882,2026-04-22T19:42:50.212882
7703,user484@example.org,user484,SUBSCRIBED,2026-04-22T19:42:50.225883,2026-04-22T19:42:50.225883
7704,user485@gmail.com,user485,SUBSCRIBED,2026-04-22T19:42:50.235887,2026-04-22T19:42:50.235887
7705,user486@yahoo.com,user486,SUBSCRIBED,2026-04-22T19:42:50.244883,2026-04-22T19:42:50.244883
7706,user487@outlook.com,user487,SUBSCRIBED,2026-04-22T19:42:50.253884,2026-04-22T19:42:50.253884
7707,user488@hotmail.com,user488,SUBSCRIBED,2026-04-22T19:42:50.266887,2026-04-22T19:42:50.266887
7708,user489@example.org,user489,SUBSCRIBED,2026-04-22T19:42:50.277891,2026-04-22T19:42:50.277891
7709,user490@gmail.com,user490,SUBSCRIBED,2026-04-22T19:42:50.285890,2026-04-22T19:42:50.285890
7710,user491@yahoo.com,user491,SUBSCRIBED,2026-04-22T19:42:50.295888,2026-04-22T19:42:50.295888
7711,user492@outlook.com,user492,SUBSCRIBED,2026-04-22T19:42:50.307890,2026-04-22T19:42:50.307890
7712,user493@hotmail.com,user493,SUBSCRIBED,2026-04-22T19:42:50.318895,2026-04-22T19:42:50.318895
7713,user494@example.org,user494,SUBSCRIBED,2026-04-22T19:42:50.328890,2026-04-22T19:42:50.328890
7714,user495@gmail.com,user495,SUBSCRIBED,2026-04-22T19:42:50.336890,2026-04-22T19:42:50.336890
7715,user496@yahoo.com,user496,SUBSCRIBED,2026-04-22T19:42:50.346247,2026-04-22T19:42:50.346247
7716,user497@outlook.com,user497,SUBSCRIBED,2026-04-22T19:42:50.359253,2026-04-22T19:42:50.359253
7717,user498@hotmail.com,user498,SUBSCRIBED,2026-04-22T19:42:50.369254,2026-04-22T19:42:50.369254
7718,user499@example.org,user499,SUBSCRIBED,2026-04-22T19:42:50.379253,2026-04-22T19:42:50.379253
7719,user500@gmail.com,user500,SUBSCRIBED,2026-04-22T19:42:50.427255,2026-04-22T19:42:50.427255
7720,user501@yahoo.com,user501,SUBSCRIBED,2026-04-22T19:42:50.442256,2026-04-22T19:42:50.442256
7721,user502@outlook.com,user502,SUBSCRIBED,2026-04-22T19:42:50.460065,2026-04-22T19:42:50.460065
7722,user503@hotmail.com,user503,SUBSCRIBED,2026-04-22T19:42:50.497067,2026-04-22T19:42:50.497067
7723,user504@example.org,user504,SUBSCRIBED,2026-04-22T19:42:50.552075,2026-04-22T19:42:50.552075
7724,user505@gmail.com,user505,SUBSCRIBED,2026-04-22T19:42:50.583075,2026-04-22T19:42:50.583075
7725,user506@yahoo.com,user506,SUBSCRIBED,2026-04-22T19:42:50.630077,2026-04-22T19:42:50.630077
7726,user507@outlook.com,user507,SUBSCRIBED,2026-04-22T19:42:50.659081,2026-04-22T19:42:50.659081
7727,user508@hotmail.com,user508,SUBSCRIBED,2026-04-22T19:42:50.683081,2026-04-22T19:42:50.683081
7728,user509@example.org,user509,SUBSCRIBED,2026-04-22T19:42:50.717083,2026-04-22T19:42:50.717083
7729,user510@gmail.com,user510,SUBSCRIBED,2026-04-22T19:42:50.767087,2026-04-22T19:42:50.767087
7730,user511@yahoo.com,user511,SUBSCRIBED,2026-04-22T19:42:50.786089,2026-04-22T19:42:50.786089
7731,user512@outlook.com,user512,SUBSCRIBED,2026-04-22T19:42:50.816092,2026-04-22T19:42:50.816092
7732,user513@hotmail.com,user513,SUBSCRIBED,2026-04-22T19:42:50.862094,2026-04-22T19:42:50.862094
7733,user514@example.org,user514,SUBSCRIBED,2026-04-22T19:42:50.882097,2026-04-22T19:42:50.882097
7734,user515@gmail.com,user515,SUBSCRIBED,2026-04-22T19:42:50.902097,2026-04-22T19:42:50.902097
7735,user516@yahoo.com,user516,SUBSCRIBED,2026-04-22T19:42:50.914099,2026-04-22T19:42:50.914099
7736,user517@outlook.com,user517,SUBSCRIBED,2026-04-22T19:42:50.941101,2026-04-22T19:42:50.941101
7737,user518@hotmail.com,user518,SUBSCRIBED,2026-04-22T19:42:50.953100,2026-04-22T19:42:50.953100
7738,user519@example.org,user519,SUBSCRIBED,2026-04-22T19:42:50.976105,2026-04-22T19:42:50.976105
7739,user520@gmail.com,user520,SUBSCRIBED,2026-04-22T19:42:50.993106,2026-04-22T19:42:50.993106
7740,user521@yahoo.com,user521,SUBSCRIBED,2026-04-22T19:42:51.009108,2026-04-22T19:42:51.009108
7741,user522@outlook.com,user522,SUBSCRIBED,2026-04-22T19:42:51.028110,2026-04-22T19:42:51.028110
7742,user523@hotmail.com,user523,SUBSCRIBED,2026-04-22T19:42:51.042109,2026-04-22T19:42:51.043110
7743,user524@example.org,user524,SUBSCRIBED,2026-04-22T19:42:51.058111,2026-04-22T19:42:51.058111
7744,user525@gmail.com,user525,SUBSCRIBED,2026-04-22T19:42:51.073111,2026-04-22T19:42:51.073111
7745,user526@yahoo.com,user526,SUBSCRIBED,2026-04-22T19:42:51.085112,2026-04-22T19:42:51.085112
7746,user527@outlook.com,user527,SUBSCRIBED,2026-04-22T19:42:51.099115,2026-04-22T19:42:51.099115
7747,user528@hotmail.com,user528,SUBSCRIBED,2026-04-22T19:42:51.127114,2026-04-22T19:42:51.127114
7748,user529@example.org,user529,SUBSCRIBED,2026-04-22T19:42:51.175117,2026-04-22T19:42:51.175117
7749,user530@gmail.com,user530,SUBSCRIBED,2026-04-22T19:42:51.190120,2026-04-22T19:42:51.190120
7750,user531@yahoo.com,user531,SUBSCRIBED,2026-04-22T19:42:51.212121,2026-04-22T19:42:51.212121
7751,user532@outlook.com,user532,SUBSCRIBED,2026-04-22T19:42:51.229122,2026-04-22T19:42:51.229122
7752,user533@hotmail.com,user533,SUBSCRIBED,2026-04-22T19:42:51.251127,2026-04-22T19:42:51.251127
7753,user534@example.org,user534,SUBSCRIBED,2026-04-22T19:42:51.266125,2026-04-22T19:42:51.266125
7754,user535@gmail.com,user535,SUBSCRIBED,2026-04-22T19:42:51.292133,2026-04-22T19:42:51.292133
7755,user536@yahoo.com,user536,SUBSCRIBED,2026-04-22T19:42:51.311129,2026-04-22T19:42:51.311129
7756,user537@outlook.com,user537,SUBSCRIBED,2026-04-22T19:42:51.325130,2026-04-22T19:42:51.325130
7757,user538@hotmail.com,user538,SUBSCRIBED,2026-04-22T19:42:51.344130,2026-04-22T19:42:51.344130
7758,user539@example.org,user539,SUBSCRIBED,2026-04-22T19:42:51.362132,2026-04-22T19:42:51.362132
7759,user540@gmail.com,user540,SUBSCRIBED,2026-04-22T19:42:51.384134,2026-04-22T19:42:51.384134
7760,user541@yahoo.com,user541,SUBSCRIBED,2026-04-22T19:42:51.417138,2026-04-22T19:42:51.417138
7761,user542@outlook.com,user542,SUBSCRIBED,2026-04-22T19:42:51.480213,2026-04-22T19:42:51.480213
7762,user543@hotmail.com,user543,SUBSCRIBED,2026-04-22T19:42:51.492214,2026-04-22T19:42:51.492214
7763,user544@example.org,user544,SUBSCRIBED,2026-04-22T19:42:51.508218,2026-04-22T19:42:51.508218
7764,user545@gmail.com,user545,SUBSCRIBED,2026-04-22T19:42:51.526218,2026-04-22T19:42:51.526218
7765,user546@yahoo.com,user546,SUBSCRIBED,2026-04-22T19:42:51.542218,2026-04-22T19:42:51.542218
7766,user547@outlook.com,user547,SUBSCRIBED,2026-04-22T19:42:51.559222,2026-04-22T19:42:51.559222
7767,user548@hotmail.com,user548,SUBSCRIBED,2026-04-22T19:42:51.571223,2026-04-22T19:42:51.571223
7768,user549@example.org,user549,SUBSCRIBED,2026-04-22T19:42:51.583221,2026-04-22T19:42:51.583221
7769,user550@gmail.com,user550,SUBSCRIBED,2026-04-22T19:42:51.607223,2026-04-22T19:42:51.607223
7770,user551@yahoo.com,user551,SUBSCRIBED,2026-04-22T19:42:51.621225,2026-04-22T19:42:51.621225
7771,user552@outlook.com,user552,SUBSCRIBED,2026-04-22T19:42:51.639229,2026-04-22T19:42:51.639229
7772,user553@hotmail.com,user553,SUBSCRIBED,2026-04-22T19:42:51.656228,2026-04-22T19:42:51.656228
7773,user554@example.org,user554,SUBSCRIBED,2026-04-22T19:42:51.670227,2026-04-22T19:42:51.670227
7774,user555@gmail.com,user555,SUBSCRIBED,2026-04-22T19:42:51.681231,2026-04-22T19:42:51.681231
7775,user556@yahoo.com,user556,SUBSCRIBED,2026-04-22T19:42:51.705231,2026-04-22T19:42:51.705231
7776,user557@outlook.com,user557,SUBSCRIBED,2026-04-22T19:42:51.721230,2026-04-22T19:42:51.721230
7777,user558@hotmail.com,user558,SUBSCRIBED,2026-04-22T19:42:51.748234,2026-04-22T19:42:51.748234
7778,user559@example.org,user559,SUBSCRIBED,2026-04-22T19:42:51.759233,2026-04-22T19:42:51.759233
7779,user560@gmail.com,user560,SUBSCRIBED,2026-04-22T19:42:51.770239,2026-04-22T19:42:51.770239
7780,user561@yahoo.com,user561,SUBSCRIBED,2026-04-22T19:42:51.792238,2026-04-22T19:42:51.792238
7781,user562@outlook.com,user562,SUBSCRIBED,2026-04-22T19:42:51.803239,2026-04-22T19:42:51.803239
7782,user563@hotmail.com,user563,SUBSCRIBED,2026-04-22T19:42:51.815242,2026-04-22T19:42:51.815242
7783,user564@example.org,user564,SUBSCRIBED,2026-04-22T19:42:51.824240,2026-04-22T19:42:51.824240
7784,user565@gmail.com,user565,SUBSCRIBED,2026-04-22T19:42:51.836240,2026-04-22T19:42:51.836240
7785,user566@yahoo.com,user566,SUBSCRIBED,2026-04-22T19:42:51.847241,2026-04-22T19:42:51.847241
7786,user567@outlook.com,user567,SUBSCRIBED,2026-04-22T19:42:51.857241,2026-04-22T19:42:51.857241
7787,user568@hotmail.com,user568,SUBSCRIBED,2026-04-22T19:42:51.869250,2026-04-22T19:42:51.869250
7788,user569@example.org,user569,SUBSCRIBED,2026-04-22T19:42:51.881243,2026-04-22T19:42:51.881243
7789,user570@gmail.com,user570,SUBSCRIBED,2026-04-22T19:42:51.888244,2026-04-22T19:42:51.888244
7790,user571@yahoo.com,user571,SUBSCRIBED,2026-04-22T19:42:51.899246,2026-04-22T19:42:51.899246
7791,user572@outlook.com,user572,SUBSCRIBED,2026-04-22T19:42:51.907245,2026-04-22T19:42:51.907245
7792,user573@hotmail.com,user573,SUBSCRIBED,2026-04-22T19:42:51.919248,2026-04-22T19:42:51.919248
7793,user574@example.org,user574,SUBSCRIBED,2026-04-22T19:42:51.930249,2026-04-22T19:42:51.930249
7794,user575@gmail.com,user575,SUBSCRIBED,2026-04-22T19:42:51.938248,2026-04-22T19:42:51.938248
7795,user576@yahoo.com,user576,SUBSCRIBED,2026-04-22T19:42:51.947249,2026-04-22T19:42:51.947249
7796,user577@outlook.com,user577,SUBSCRIBED,2026-04-22T19:42:51.955250,2026-04-22T19:42:51.955250
7797,user578@hotmail.com,user578,SUBSCRIBED,2026-04-22T19:42:51.966251,2026-04-22T19:42:51.966251
7798,user579@example.org,user579,SUBSCRIBED,2026-04-22T19:42:51.977251,2026-04-22T19:42:51.977251
7799,user580@gmail.com,user580,SUBSCRIBED,2026-04-22T19:42:51.987252,2026-04-22T19:42:51.987252
7895,user676@yahoo.com,user676,SUBSCRIBED,2026-04-22T19:42:52.857164,2026-04-22T19:42:52.857164
7896,user677@outlook.com,user677,SUBSCRIBED,2026-04-22T19:42:52.867164,2026-04-22T19:42:52.867164
7897,user678@hotmail.com,user678,SUBSCRIBED,2026-04-22T19:42:52.873165,2026-04-22T19:42:52.873165
7898,user679@example.org,user679,SUBSCRIBED,2026-04-22T19:42:52.880166,2026-04-22T19:42:52.880166
7899,user680@gmail.com,user680,SUBSCRIBED,2026-04-22T19:42:52.889168,2026-04-22T19:42:52.889168
7900,user681@yahoo.com,user681,SUBSCRIBED,2026-04-22T19:42:52.897166,2026-04-22T19:42:52.897166
7901,user682@outlook.com,user682,SUBSCRIBED,2026-04-22T19:42:52.904161,2026-04-22T19:42:52.904161
7902,user683@hotmail.com,user683,SUBSCRIBED,2026-04-22T19:42:52.911164,2026-04-22T19:42:52.911164
7903,user684@example.org,user684,SUBSCRIBED,2026-04-22T19:42:52.919164,2026-04-22T19:42:52.919164
7904,user685@gmail.com,user685,SUBSCRIBED,2026-04-22T19:42:52.925162,2026-04-22T19:42:52.925162
7905,user686@yahoo.com,user686,SUBSCRIBED,2026-04-22T19:42:52.934165,2026-04-22T19:42:52.934165
7906,user687@outlook.com,user687,SUBSCRIBED,2026-04-22T19:42:52.942165,2026-04-22T19:42:52.942165
7907,user688@hotmail.com,user688,SUBSCRIBED,2026-04-22T19:42:52.950167,2026-04-22T19:42:52.950167
7908,user689@example.org,user689,SUBSCRIBED,2026-04-22T19:42:52.957171,2026-04-22T19:42:52.957171
7909,user690@gmail.com,user690,SUBSCRIBED,2026-04-22T19:42:52.964169,2026-04-22T19:42:52.965167
7910,user691@yahoo.com,user691,SUBSCRIBED,2026-04-22T19:42:52.971167,2026-04-22T19:42:52.971167
7911,user692@outlook.com,user692,SUBSCRIBED,2026-04-22T19:42:52.982168,2026-04-22T19:42:52.982168
7912,user693@hotmail.com,user693,SUBSCRIBED,2026-04-22T19:42:52.992174,2026-04-22T19:42:52.992174
7913,user694@example.org,user694,SUBSCRIBED,2026-04-22T19:42:53.002172,2026-04-22T19:42:53.002172
7914,user695@gmail.com,user695,SUBSCRIBED,2026-04-22T19:42:53.009172,2026-04-22T19:42:53.009172
7915,user696@yahoo.com,user696,SUBSCRIBED,2026-04-22T19:42:53.017173,2026-04-22T19:42:53.017173
7916,user697@outlook.com,user697,SUBSCRIBED,2026-04-22T19:42:53.024172,2026-04-22T19:42:53.024172
7917,user698@hotmail.com,user698,SUBSCRIBED,2026-04-22T19:42:53.035172,2026-04-22T19:42:53.035172
7918,user699@example.org,user699,SUBSCRIBED,2026-04-22T19:42:53.042172,2026-04-22T19:42:53.042172
7919,user700@gmail.com,user700,SUBSCRIBED,2026-04-22T19:42:53.052174,2026-04-22T19:42:53.052174
7920,user701@yahoo.com,user701,SUBSCRIBED,2026-04-22T19:42:53.059174,2026-04-22T19:42:53.059174
7921,user702@outlook.com,user702,SUBSCRIBED,2026-04-22T19:42:53.069177,2026-04-22T19:42:53.069177
7922,user703@hotmail.com,user703,SUBSCRIBED,2026-04-22T19:42:53.081180,2026-04-22T19:42:53.081180
7923,user704@example.org,user704,SUBSCRIBED,2026-04-22T19:42:53.091178,2026-04-22T19:42:53.091178
7924,user705@gmail.com,user705,SUBSCRIBED,2026-04-22T19:42:53.101178,2026-04-22T19:42:53.101178
7925,user706@yahoo.com,user706,SUBSCRIBED,2026-04-22T19:42:53.109177,2026-04-22T19:42:53.109177
7926,user707@outlook.com,user707,SUBSCRIBED,2026-04-22T19:42:53.120183,2026-04-22T19:42:53.120183
7927,user708@hotmail.com,user708,SUBSCRIBED,2026-04-22T19:42:53.130178,2026-04-22T19:42:53.130178
7928,user709@example.org,user709,SUBSCRIBED,2026-04-22T19:42:53.138181,2026-04-22T19:42:53.138181
7929,user710@gmail.com,user710,SUBSCRIBED,2026-04-22T19:42:53.145182,2026-04-22T19:42:53.145182
7930,user711@yahoo.com,user711,SUBSCRIBED,2026-04-22T19:42:53.153181,2026-04-22T19:42:53.153181
7931,user712@outlook.com,user712,SUBSCRIBED,2026-04-22T19:42:53.165185,2026-04-22T19:42:53.165185
7932,user713@hotmail.com,user713,SUBSCRIBED,2026-04-22T19:42:53.175186,2026-04-22T19:42:53.175186
7933,user714@example.org,user714,SUBSCRIBED,2026-04-22T19:42:53.185183,2026-04-22T19:42:53.185183
7934,user715@gmail.com,user715,SUBSCRIBED,2026-04-22T19:42:53.194185,2026-04-22T19:42:53.194185
7935,user716@yahoo.com,user716,SUBSCRIBED,2026-04-22T19:42:53.204266,2026-04-22T19:42:53.204266
7936,user717@outlook.com,user717,SUBSCRIBED,2026-04-22T19:42:53.218273,2026-04-22T19:42:53.218273
7937,user718@hotmail.com,user718,SUBSCRIBED,2026-04-22T19:42:53.230274,2026-04-22T19:42:53.230274
7938,user719@example.org,user719,SUBSCRIBED,2026-04-22T19:42:53.240272,2026-04-22T19:42:53.240272
7939,user720@gmail.com,user720,SUBSCRIBED,2026-04-22T19:42:53.250271,2026-04-22T19:42:53.250271
7940,user721@yahoo.com,user721,SUBSCRIBED,2026-04-22T19:42:53.265275,2026-04-22T19:42:53.265275
7941,user722@outlook.com,user722,SUBSCRIBED,2026-04-22T19:42:53.277276,2026-04-22T19:42:53.277276
7942,user723@hotmail.com,user723,SUBSCRIBED,2026-04-22T19:42:53.287274,2026-04-22T19:42:53.287274
7943,user724@example.org,user724,SUBSCRIBED,2026-04-22T19:42:53.300277,2026-04-22T19:42:53.300277
7944,user725@gmail.com,user725,SUBSCRIBED,2026-04-22T19:42:53.312279,2026-04-22T19:42:53.312279
7945,user726@yahoo.com,user726,SUBSCRIBED,2026-04-22T19:42:53.323279,2026-04-22T19:42:53.323279
7946,user727@outlook.com,user727,SUBSCRIBED,2026-04-22T19:42:53.333282,2026-04-22T19:42:53.334280
7947,user728@hotmail.com,user728,SUBSCRIBED,2026-04-22T19:42:53.343282,2026-04-22T19:42:53.343282
7948,user729@example.org,user729,SUBSCRIBED,2026-04-22T19:42:53.354285,2026-04-22T19:42:53.354285
7949,user730@gmail.com,user730,SUBSCRIBED,2026-04-22T19:42:53.365282,2026-04-22T19:42:53.365282
7950,user731@yahoo.com,user731,SUBSCRIBED,2026-04-22T19:42:53.379283,2026-04-22T19:42:53.379283
7951,user732@outlook.com,user732,SUBSCRIBED,2026-04-22T19:42:53.388283,2026-04-22T19:42:53.388283
7952,user733@hotmail.com,user733,SUBSCRIBED,2026-04-22T19:42:53.403285,2026-04-22T19:42:53.403285
7953,user734@example.org,user734,SUBSCRIBED,2026-04-22T19:42:53.415286,2026-04-22T19:42:53.415286
7954,user735@gmail.com,user735,SUBSCRIBED,2026-04-22T19:42:53.425286,2026-04-22T19:42:53.425286
7955,user736@yahoo.com,user736,SUBSCRIBED,2026-04-22T19:42:53.436288,2026-04-22T19:42:53.436288
7956,user737@outlook.com,user737,SUBSCRIBED,2026-04-22T19:42:53.451287,2026-04-22T19:42:53.451287
7957,user738@hotmail.com,user738,SUBSCRIBED,2026-04-22T19:42:53.460288,2026-04-22T19:42:53.460288
7958,user739@example.org,user739,SUBSCRIBED,2026-04-22T19:42:53.472291,2026-04-22T19:42:53.472291
7959,user740@gmail.com,user740,SUBSCRIBED,2026-04-22T19:42:53.484291,2026-04-22T19:42:53.484291
7960,user741@yahoo.com,user741,SUBSCRIBED,2026-04-22T19:42:53.497294,2026-04-22T19:42:53.497294
7961,user742@outlook.com,user742,SUBSCRIBED,2026-04-22T19:42:53.506295,2026-04-22T19:42:53.506295
7962,user743@hotmail.com,user743,SUBSCRIBED,2026-04-22T19:42:53.518294,2026-04-22T19:42:53.518294
7963,user744@example.org,user744,SUBSCRIBED,2026-04-22T19:42:53.531294,2026-04-22T19:42:53.531294
7964,user745@gmail.com,user745,SUBSCRIBED,2026-04-22T19:42:53.542296,2026-04-22T19:42:53.542296
7965,user746@yahoo.com,user746,SUBSCRIBED,2026-04-22T19:42:53.552294,2026-04-22T19:42:53.552294
7966,user747@outlook.com,user747,SUBSCRIBED,2026-04-22T19:42:53.564297,2026-04-22T19:42:53.564297
7967,user748@hotmail.com,user748,SUBSCRIBED,2026-04-22T19:42:53.573297,2026-04-22T19:42:53.573297
7968,user749@example.org,user749,SUBSCRIBED,2026-04-22T19:42:53.586299,2026-04-22T19:42:53.586299
7969,user750@gmail.com,user750,SUBSCRIBED,2026-04-22T19:42:53.597299,2026-04-22T19:42:53.597299
7970,user751@yahoo.com,user751,SUBSCRIBED,2026-04-22T19:42:53.607300,2026-04-22T19:42:53.607300
7971,user752@outlook.com,user752,SUBSCRIBED,2026-04-22T19:42:53.619302,2026-04-22T19:42:53.619302
7972,user753@hotmail.com,user753,SUBSCRIBED,2026-04-22T19:42:53.633309,2026-04-22T19:42:53.633309
7973,user754@example.org,user754,SUBSCRIBED,2026-04-22T19:42:53.643305,2026-04-22T19:42:53.643305
7974,user755@gmail.com,user755,SUBSCRIBED,2026-04-22T19:42:53.653303,2026-04-22T19:42:53.653303
7975,user756@yahoo.com,user756,SUBSCRIBED,2026-04-22T19:42:53.665308,2026-04-22T19:42:53.665308
7976,user757@outlook.com,user757,SUBSCRIBED,2026-04-22T19:42:53.695307,2026-04-22T19:42:53.695307
7977,user758@hotmail.com,user758,SUBSCRIBED,2026-04-22T19:42:53.706308,2026-04-22T19:42:53.706308
7978,user759@example.org,user759,SUBSCRIBED,2026-04-22T19:42:53.719308,2026-04-22T19:42:53.720308
7979,user760@gmail.com,user760,SUBSCRIBED,2026-04-22T19:42:53.733309,2026-04-22T19:42:53.733309
7980,user761@yahoo.com,user761,SUBSCRIBED,2026-04-22T19:42:53.744310,2026-04-22T19:42:53.744310
7981,user762@outlook.com,user762,SUBSCRIBED,2026-04-22T19:42:53.756313,2026-04-22T19:42:53.756313
7982,user763@hotmail.com,user763,SUBSCRIBED,2026-04-22T19:42:53.775313,2026-04-22T19:42:53.775313
7983,user764@example.org,user764,SUBSCRIBED,2026-04-22T19:42:53.786313,2026-04-22T19:42:53.786313
7984,user765@gmail.com,user765,SUBSCRIBED,2026-04-22T19:42:53.797315,2026-04-22T19:42:53.797315
7985,user766@yahoo.com,user766,SUBSCRIBED,2026-04-22T19:42:53.807321,2026-04-22T19:42:53.807321
7986,user767@outlook.com,user767,SUBSCRIBED,2026-04-22T19:42:53.819316,2026-04-22T19:42:53.819316
7987,user768@hotmail.com,user768,SUBSCRIBED,2026-04-22T19:42:53.827316,2026-04-22T19:42:53.827316
7988,user769@example.org,user769,SUBSCRIBED,2026-04-22T19:42:53.852320,2026-04-22T19:42:53.852320
7989,user770@gmail.com,user770,SUBSCRIBED,2026-04-22T19:42:53.866321,2026-04-22T19:42:53.866321
7990,user771@yahoo.com,user771,SUBSCRIBED,2026-04-22T19:42:53.877321,2026-04-22T19:42:53.877321
7991,user772@outlook.com,user772,SUBSCRIBED,2026-04-22T19:42:53.886321,2026-04-22T19:42:53.886321
7992,user773@hotmail.com,user773,SUBSCRIBED,2026-04-22T19:42:53.897323,2026-04-22T19:42:53.897323
7993,user774@example.org,user774,SUBSCRIBED,2026-04-22T19:42:53.908328,2026-04-22T19:42:53.908328
7994,user775@gmail.com,user775,SUBSCRIBED,2026-04-22T19:42:53.918327,2026-04-22T19:42:53.918327
7995,user776@yahoo.com,user776,SUBSCRIBED,2026-04-22T19:42:53.927325,2026-04-22T19:42:53.927325
7996,user777@outlook.com,user777,SUBSCRIBED,2026-04-22T19:42:53.937327,2026-04-22T19:42:53.937327
7997,user778@hotmail.com,user778,SUBSCRIBED,2026-04-22T19:42:53.947329,2026-04-22T19:42:53.947329
7998,user779@example.org,user779,SUBSCRIBED,2026-04-22T19:42:53.958328,2026-04-22T19:42:53.958328
7999,user780@gmail.com,user780,SUBSCRIBED,2026-04-22T19:42:53.969329,2026-04-22T19:42:53.969329
8000,user781@yahoo.com,user781,SUBSCRIBED,2026-04-22T19:42:53.978328,2026-04-22T19:42:53.978328
8001,user782@outlook.com,user782,SUBSCRIBED,2026-04-22T19:42:53.988329,2026-04-22T19:42:53.988329
8002,user783@hotmail.com,user783,SUBSCRIBED,2026-04-22T19:42:54.000329,2026-04-22T19:42:54.000329
8003,user784@example.org,user784,SUBSCRIBED,2026-04-22T19:42:54.010331,2026-04-22T19:42:54.010331
8004,user785@gmail.com,user785,SUBSCRIBED,2026-04-22T19:42:54.022331,2026-04-22T19:42:54.022331
8005,user786@yahoo.com,user786,SUBSCRIBED,2026-04-22T19:42:54.032334,2026-04-22T19:42:54.032334
8006,user787@outlook.com,user787,SUBSCRIBED,2026-04-22T19:42:54.042334,2026-04-22T19:42:54.042334
8007,user788@hotmail.com,user788,SUBSCRIBED,2026-04-22T19:42:54.053331,2026-04-22T19:42:54.053331
8008,user789@example.org,user789,SUBSCRIBED,2026-04-22T19:42:54.062335,2026-04-22T19:42:54.062335
8009,user790@gmail.com,user790,SUBSCRIBED,2026-04-22T19:42:54.069335,2026-04-22T19:42:54.069335
8010,user791@yahoo.com,user791,SUBSCRIBED,2026-04-22T19:42:54.075335,2026-04-22T19:42:54.075335
8011,user792@outlook.com,user792,SUBSCRIBED,2026-04-22T19:42:54.085337,2026-04-22T19:42:54.085337
8012,user793@hotmail.com,user793,SUBSCRIBED,2026-04-22T19:42:54.094337,2026-04-22T19:42:54.094337
8013,user794@example.org,user794,SUBSCRIBED,2026-04-22T19:42:54.102337,2026-04-22T19:42:54.102337
8014,user795@gmail.com,user795,SUBSCRIBED,2026-04-22T19:42:54.108336,2026-04-22T19:42:54.108336
8015,user796@yahoo.com,user796,SUBSCRIBED,2026-04-22T19:42:54.116342,2026-04-22T19:42:54.116342
8016,user797@outlook.com,user797,SUBSCRIBED,2026-04-22T19:42:54.122337,2026-04-22T19:42:54.122337
8017,user798@hotmail.com,user798,SUBSCRIBED,2026-04-22T19:42:54.129339,2026-04-22T19:42:54.129339
8018,user799@example.org,user799,SUBSCRIBED,2026-04-22T19:42:54.142339,2026-04-22T19:42:54.142339
8019,user800@gmail.com,user800,SUBSCRIBED,2026-04-22T19:42:54.151340,2026-04-22T19:42:54.151340
8020,user801@yahoo.com,user801,SUBSCRIBED,2026-04-22T19:42:54.158343,2026-04-22T19:42:54.158343
8021,user802@outlook.com,user802,SUBSCRIBED,2026-04-22T19:42:54.166339,2026-04-22T19:42:54.166339
8022,user803@hotmail.com,user803,SUBSCRIBED,2026-04-22T19:42:54.172341,2026-04-22T19:42:54.172341
8023,user804@example.org,user804,SUBSCRIBED,2026-04-22T19:42:54.181346,2026-04-22T19:42:54.181346
8024,user805@gmail.com,user805,SUBSCRIBED,2026-04-22T19:42:54.190347,2026-04-22T19:42:54.190347
8025,user806@yahoo.com,user806,SUBSCRIBED,2026-04-22T19:42:54.198343,2026-04-22T19:42:54.198343
8026,user807@outlook.com,user807,SUBSCRIBED,2026-04-22T19:42:54.205342,2026-04-22T19:42:54.205342
8027,user808@hotmail.com,user808,SUBSCRIBED,2026-04-22T19:42:54.211344,2026-04-22T19:42:54.211344
8028,user809@example.org,user809,SUBSCRIBED,2026-04-22T19:42:54.218344,2026-04-22T19:42:54.218344
8029,user810@gmail.com,user810,SUBSCRIBED,2026-04-22T19:42:54.225344,2026-04-22T19:42:54.225344
8030,user811@yahoo.com,user811,SUBSCRIBED,2026-04-22T19:42:54.234352,2026-04-22T19:42:54.234352
8031,user812@outlook.com,user812,SUBSCRIBED,2026-04-22T19:42:54.242350,2026-04-22T19:42:54.242350
8032,user813@hotmail.com,user813,SUBSCRIBED,2026-04-22T19:42:54.251349,2026-04-22T19:42:54.251349
8033,user814@example.org,user814,SUBSCRIBED,2026-04-22T19:42:54.258350,2026-04-22T19:42:54.258350
8034,user815@gmail.com,user815,SUBSCRIBED,2026-04-22T19:42:54.266347,2026-04-22T19:42:54.266347
8035,user816@yahoo.com,user816,SUBSCRIBED,2026-04-22T19:42:54.273354,2026-04-22T19:42:54.273354
8036,user817@outlook.com,user817,SUBSCRIBED,2026-04-22T19:42:54.283359,2026-04-22T19:42:54.283359
8037,user818@hotmail.com,user818,SUBSCRIBED,2026-04-22T19:42:54.291350,2026-04-22T19:42:54.291350
8038,user819@example.org,user819,SUBSCRIBED,2026-04-22T19:42:54.300351,2026-04-22T19:42:54.300351
8039,user820@gmail.com,user820,SUBSCRIBED,2026-04-22T19:42:54.307355,2026-04-22T19:42:54.307355
8040,user821@yahoo.com,user821,SUBSCRIBED,2026-04-22T19:42:54.315355,2026-04-22T19:42:54.315355
8041,user822@outlook.com,user822,SUBSCRIBED,2026-04-22T19:42:54.321357,2026-04-22T19:42:54.321357
8042,user823@hotmail.com,user823,SUBSCRIBED,2026-04-22T19:42:54.331357,2026-04-22T19:42:54.331357
8043,user824@example.org,user824,SUBSCRIBED,2026-04-22T19:42:54.339360,2026-04-22T19:42:54.339360
8044,user825@gmail.com,user825,SUBSCRIBED,2026-04-22T19:42:54.347355,2026-04-22T19:42:54.347355
8045,user826@yahoo.com,user826,SUBSCRIBED,2026-04-22T19:42:54.353354,2026-04-22T19:42:54.353354
8046,user827@outlook.com,user827,SUBSCRIBED,2026-04-22T19:42:54.359360,2026-04-22T19:42:54.359360
8047,user828@hotmail.com,user828,SUBSCRIBED,2026-04-22T19:42:54.367358,2026-04-22T19:42:54.367358
8048,user829@example.org,user829,SUBSCRIBED,2026-04-22T19:42:54.375364,2026-04-22T19:42:54.375364
8049,user830@gmail.com,user830,SUBSCRIBED,2026-04-22T19:42:54.383355,2026-04-22T19:42:54.383355
8050,user831@yahoo.com,user831,SUBSCRIBED,2026-04-22T19:42:54.390356,2026-04-22T19:42:54.390356
8051,user832@outlook.com,user832,SUBSCRIBED,2026-04-22T19:42:54.399359,2026-04-22T19:42:54.399359
8052,user833@hotmail.com,user833,SUBSCRIBED,2026-04-22T19:42:54.407359,2026-04-22T19:42:54.407359
8053,user834@example.org,user834,SUBSCRIBED,2026-04-22T19:42:54.418363,2026-04-22T19:42:54.418363
8054,user835@gmail.com,user835,SUBSCRIBED,2026-04-22T19:42:54.429365,2026-04-22T19:42:54.429365
8055,user836@yahoo.com,user836,SUBSCRIBED,2026-04-22T19:42:54.437613,2026-04-22T19:42:54.437613
8056,user837@outlook.com,user837,SUBSCRIBED,2026-04-22T19:42:54.447523,2026-04-22T19:42:54.447523
8057,user838@hotmail.com,user838,SUBSCRIBED,2026-04-22T19:42:54.456525,2026-04-22T19:42:54.456525
8058,user839@example.org,user839,SUBSCRIBED,2026-04-22T19:42:54.468529,2026-04-22T19:42:54.468529
8059,user840@gmail.com,user840,SUBSCRIBED,2026-04-22T19:42:54.476528,2026-04-22T19:42:54.476528
8060,user841@yahoo.com,user841,SUBSCRIBED,2026-04-22T19:42:54.485528,2026-04-22T19:42:54.485528
8061,user842@outlook.com,user842,SUBSCRIBED,2026-04-22T19:42:54.494526,2026-04-22T19:42:54.494526
8062,user843@hotmail.com,user843,SUBSCRIBED,2026-04-22T19:42:54.503525,2026-04-22T19:42:54.503525
8063,user844@example.org,user844,SUBSCRIBED,2026-04-22T19:42:54.516528,2026-04-22T19:42:54.516528
8064,user845@gmail.com,user845,SUBSCRIBED,2026-04-22T19:42:54.526527,2026-04-22T19:42:54.526527
8065,user846@yahoo.com,user846,SUBSCRIBED,2026-04-22T19:42:54.536529,2026-04-22T19:42:54.536529
8066,user847@outlook.com,user847,SUBSCRIBED,2026-04-22T19:42:54.545529,2026-04-22T19:42:54.545529
8067,user848@hotmail.com,user848,SUBSCRIBED,2026-04-22T19:42:54.554534,2026-04-22T19:42:54.554534
8068,user849@example.org,user849,SUBSCRIBED,2026-04-22T19:42:54.566265,2026-04-22T19:42:54.566265
8069,user850@gmail.com,user850,SUBSCRIBED,2026-04-22T19:42:54.574262,2026-04-22T19:42:54.574262
8070,user851@yahoo.com,user851,SUBSCRIBED,2026-04-22T19:42:54.581259,2026-04-22T19:42:54.581259
8071,user852@outlook.com,user852,SUBSCRIBED,2026-04-22T19:42:54.588260,2026-04-22T19:42:54.588260
8072,user853@hotmail.com,user853,SUBSCRIBED,2026-04-22T19:42:54.594260,2026-04-22T19:42:54.594260
8073,user854@example.org,user854,SUBSCRIBED,2026-04-22T19:42:54.602260,2026-04-22T19:42:54.602260
8074,user855@gmail.com,user855,SUBSCRIBED,2026-04-22T19:42:54.610263,2026-04-22T19:42:54.610263
8075,user856@yahoo.com,user856,SUBSCRIBED,2026-04-22T19:42:54.617262,2026-04-22T19:42:54.618262
8076,user857@outlook.com,user857,SUBSCRIBED,2026-04-22T19:42:54.624262,2026-04-22T19:42:54.624262
8077,user858@hotmail.com,user858,SUBSCRIBED,2026-04-22T19:42:54.631265,2026-04-22T19:42:54.631265
8078,user859@example.org,user859,SUBSCRIBED,2026-04-22T19:42:54.637261,2026-04-22T19:42:54.637261
8079,user860@gmail.com,user860,SUBSCRIBED,2026-04-22T19:42:54.643261,2026-04-22T19:42:54.643261
8080,user861@yahoo.com,user861,SUBSCRIBED,2026-04-22T19:42:54.652268,2026-04-22T19:42:54.652268
8081,user862@outlook.com,user862,SUBSCRIBED,2026-04-22T19:42:54.660268,2026-04-22T19:42:54.660268
8082,user863@hotmail.com,user863,SUBSCRIBED,2026-04-22T19:42:54.667269,2026-04-22T19:42:54.667269
8083,user864@example.org,user864,SUBSCRIBED,2026-04-22T19:42:54.674267,2026-04-22T19:42:54.674267
8084,user865@gmail.com,user865,SUBSCRIBED,2026-04-22T19:42:54.681268,2026-04-22T19:42:54.681268
8085,user866@yahoo.com,user866,SUBSCRIBED,2026-04-22T19:42:54.688266,2026-04-22T19:42:54.688266
8086,user867@outlook.com,user867,SUBSCRIBED,2026-04-22T19:42:54.701271,2026-04-22T19:42:54.701271
8087,user868@hotmail.com,user868,SUBSCRIBED,2026-04-22T19:42:54.711270,2026-04-22T19:42:54.711270
8088,user869@example.org,user869,SUBSCRIBED,2026-04-22T19:42:54.721270,2026-04-22T19:42:54.721270
8089,user870@gmail.com,user870,SUBSCRIBED,2026-04-22T19:42:54.731272,2026-04-22T19:42:54.731272
8090,user871@yahoo.com,user871,SUBSCRIBED,2026-04-22T19:42:54.740272,2026-04-22T19:42:54.740272
8091,user872@outlook.com,user872,SUBSCRIBED,2026-04-22T19:42:54.752271,2026-04-22T19:42:54.752271
8092,user873@hotmail.com,user873,SUBSCRIBED,2026-04-22T19:42:54.760273,2026-04-22T19:42:54.760273
8093,user874@example.org,user874,SUBSCRIBED,2026-04-22T19:42:54.768272,2026-04-22T19:42:54.768272
8094,user875@gmail.com,user875,SUBSCRIBED,2026-04-22T19:42:54.775274,2026-04-22T19:42:54.775274
8095,user876@yahoo.com,user876,SUBSCRIBED,2026-04-22T19:42:54.783281,2026-04-22T19:42:54.783281
8096,user877@outlook.com,user877,SUBSCRIBED,2026-04-22T19:42:54.791276,2026-04-22T19:42:54.791276
8097,user878@hotmail.com,user878,SUBSCRIBED,2026-04-22T19:42:54.799275,2026-04-22T19:42:54.799275
8098,user879@example.org,user879,SUBSCRIBED,2026-04-22T19:42:54.805275,2026-04-22T19:42:54.805275
8099,user880@gmail.com,user880,SUBSCRIBED,2026-04-22T19:42:54.812277,2026-04-22T19:42:54.812277
8100,user881@yahoo.com,user881,SUBSCRIBED,2026-04-22T19:42:54.818278,2026-04-22T19:42:54.818278
8101,user882@outlook.com,user882,SUBSCRIBED,2026-04-22T19:42:54.824277,2026-04-22T19:42:54.824277
8102,user883@hotmail.com,user883,SUBSCRIBED,2026-04-22T19:42:54.832277,2026-04-22T19:42:54.832277
8103,user884@example.org,user884,SUBSCRIBED,2026-04-22T19:42:54.840278,2026-04-22T19:42:54.840278
8104,user885@gmail.com,user885,SUBSCRIBED,2026-04-22T19:42:54.849279,2026-04-22T19:42:54.849279
8105,user886@yahoo.com,user886,SUBSCRIBED,2026-04-22T19:42:54.856282,2026-04-22T19:42:54.856282
8106,user887@outlook.com,user887,SUBSCRIBED,2026-04-22T19:42:54.863283,2026-04-22T19:42:54.863283
8107,user888@hotmail.com,user888,SUBSCRIBED,2026-04-22T19:42:54.869280,2026-04-22T19:42:54.869280
8108,user889@example.org,user889,SUBSCRIBED,2026-04-22T19:42:54.875284,2026-04-22T19:42:54.875284
8109,user890@gmail.com,user890,SUBSCRIBED,2026-04-22T19:42:54.883282,2026-04-22T19:42:54.883282
8110,user891@yahoo.com,user891,SUBSCRIBED,2026-04-22T19:42:54.892286,2026-04-22T19:42:54.892286
8111,user892@outlook.com,user892,SUBSCRIBED,2026-04-22T19:42:54.899281,2026-04-22T19:42:54.899281
8112,user893@hotmail.com,user893,SUBSCRIBED,2026-04-22T19:42:54.906282,2026-04-22T19:42:54.906282
8113,user894@example.org,user894,SUBSCRIBED,2026-04-22T19:42:54.913283,2026-04-22T19:42:54.913283
8114,user895@gmail.com,user895,SUBSCRIBED,2026-04-22T19:42:54.919284,2026-04-22T19:42:54.919284
8115,user896@yahoo.com,user896,SUBSCRIBED,2026-04-22T19:42:54.925285,2026-04-22T19:42:54.925285
8116,user897@outlook.com,user897,SUBSCRIBED,2026-04-22T19:42:54.941286,2026-04-22T19:42:54.941286
8117,user898@hotmail.com,user898,SUBSCRIBED,2026-04-22T19:42:54.949286,2026-04-22T19:42:54.949286
8118,user899@example.org,user899,SUBSCRIBED,2026-04-22T19:42:54.957288,2026-04-22T19:42:54.957288
8119,user900@gmail.com,user900,SUBSCRIBED,2026-04-22T19:42:54.964287,2026-04-22T19:42:54.964287
8120,user901@yahoo.com,user901,SUBSCRIBED,2026-04-22T19:42:54.970286,2026-04-22T19:42:54.970286
8121,user902@outlook.com,user902,SUBSCRIBED,2026-04-22T19:42:54.978289,2026-04-22T19:42:54.978289
8122,user903@hotmail.com,user903,SUBSCRIBED,2026-04-22T19:42:54.986289,2026-04-22T19:42:54.986289
8123,user904@example.org,user904,SUBSCRIBED,2026-04-22T19:42:54.993289,2026-04-22T19:42:54.993289
8124,user905@gmail.com,user905,SUBSCRIBED,2026-04-22T19:42:55.001295,2026-04-22T19:42:55.001295
8125,user906@yahoo.com,user906,SUBSCRIBED,2026-04-22T19:42:55.007290,2026-04-22T19:42:55.007290
8126,user907@outlook.com,user907,SUBSCRIBED,2026-04-22T19:42:55.015291,2026-04-22T19:42:55.015291
8127,user908@hotmail.com,user908,SUBSCRIBED,2026-04-22T19:42:55.025295,2026-04-22T19:42:55.025295
8128,user909@example.org,user909,SUBSCRIBED,2026-04-22T19:42:55.037293,2026-04-22T19:42:55.037293
8129,user910@gmail.com,user910,SUBSCRIBED,2026-04-22T19:42:55.047294,2026-04-22T19:42:55.047294
8130,user911@yahoo.com,user911,SUBSCRIBED,2026-04-22T19:42:55.055294,2026-04-22T19:42:55.055294
8131,user912@outlook.com,user912,SUBSCRIBED,2026-04-22T19:42:55.064816,2026-04-22T19:42:55.064816
8132,user913@hotmail.com,user913,SUBSCRIBED,2026-04-22T19:42:55.074815,2026-04-22T19:42:55.074815
8133,user914@example.org,user914,SUBSCRIBED,2026-04-22T19:42:55.083817,2026-04-22T19:42:55.083817
8134,user915@gmail.com,user915,SUBSCRIBED,2026-04-22T19:42:55.090817,2026-04-22T19:42:55.090817
8135,user916@yahoo.com,user916,SUBSCRIBED,2026-04-22T19:42:55.097814,2026-04-22T19:42:55.097814
8136,user917@outlook.com,user917,SUBSCRIBED,2026-04-22T19:42:55.104816,2026-04-22T19:42:55.104816
8137,user918@hotmail.com,user918,SUBSCRIBED,2026-04-22T19:42:55.111827,2026-04-22T19:42:55.111827
8138,user919@example.org,user919,SUBSCRIBED,2026-04-22T19:42:55.120818,2026-04-22T19:42:55.120818
8139,user920@gmail.com,user920,SUBSCRIBED,2026-04-22T19:42:55.127818,2026-04-22T19:42:55.127818
8140,user921@yahoo.com,user921,SUBSCRIBED,2026-04-22T19:42:55.134819,2026-04-22T19:42:55.134819
8141,user922@outlook.com,user922,SUBSCRIBED,2026-04-22T19:42:55.140817,2026-04-22T19:42:55.140817
8142,user923@hotmail.com,user923,SUBSCRIBED,2026-04-22T19:42:55.148818,2026-04-22T19:42:55.148818
8143,user924@example.org,user924,SUBSCRIBED,2026-04-22T19:42:55.153820,2026-04-22T19:42:55.153820
8144,user925@gmail.com,user925,SUBSCRIBED,2026-04-22T19:42:55.162824,2026-04-22T19:42:55.162824
8145,user926@yahoo.com,user926,SUBSCRIBED,2026-04-22T19:42:55.170822,2026-04-22T19:42:55.170822
8146,user927@outlook.com,user927,SUBSCRIBED,2026-04-22T19:42:55.178820,2026-04-22T19:42:55.178820
8147,user928@hotmail.com,user928,SUBSCRIBED,2026-04-22T19:42:55.186819,2026-04-22T19:42:55.186819
8148,user929@example.org,user929,SUBSCRIBED,2026-04-22T19:42:55.192819,2026-04-22T19:42:55.192819
8149,user930@gmail.com,user930,SUBSCRIBED,2026-04-22T19:42:55.199823,2026-04-22T19:42:55.199823
8150,user931@yahoo.com,user931,SUBSCRIBED,2026-04-22T19:42:55.203820,2026-04-22T19:42:55.203820
8151,user932@outlook.com,user932,SUBSCRIBED,2026-04-22T19:42:55.212823,2026-04-22T19:42:55.212823
8152,user933@hotmail.com,user933,SUBSCRIBED,2026-04-22T19:42:55.221823,2026-04-22T19:42:55.221823
8153,user934@example.org,user934,SUBSCRIBED,2026-04-22T19:42:55.230825,2026-04-22T19:42:55.230825
8154,user935@gmail.com,user935,SUBSCRIBED,2026-04-22T19:42:55.241829,2026-04-22T19:42:55.241829
8155,user936@yahoo.com,user936,SUBSCRIBED,2026-04-22T19:42:55.250826,2026-04-22T19:42:55.250826
8156,user937@outlook.com,user937,SUBSCRIBED,2026-04-22T19:42:55.262830,2026-04-22T19:42:55.262830
8157,user938@hotmail.com,user938,SUBSCRIBED,2026-04-22T19:42:55.272830,2026-04-22T19:42:55.272830
8158,user939@example.org,user939,SUBSCRIBED,2026-04-22T19:42:55.282828,2026-04-22T19:42:55.282828
8159,user940@gmail.com,user940,SUBSCRIBED,2026-04-22T19:42:55.290831,2026-04-22T19:42:55.290831
8160,user941@yahoo.com,user941,SUBSCRIBED,2026-04-22T19:42:55.301836,2026-04-22T19:42:55.301836
8161,user942@outlook.com,user942,SUBSCRIBED,2026-04-22T19:42:55.314833,2026-04-22T19:42:55.315834
8162,user943@hotmail.com,user943,SUBSCRIBED,2026-04-22T19:42:55.323834,2026-04-22T19:42:55.323834
8163,user944@example.org,user944,SUBSCRIBED,2026-04-22T19:42:55.332833,2026-04-22T19:42:55.332833
8164,user945@gmail.com,user945,SUBSCRIBED,2026-04-22T19:42:55.340832,2026-04-22T19:42:55.340832
8165,user946@yahoo.com,user946,SUBSCRIBED,2026-04-22T19:42:55.354840,2026-04-22T19:42:55.354840
8166,user947@outlook.com,user947,SUBSCRIBED,2026-04-22T19:42:55.365836,2026-04-22T19:42:55.365836
8167,user948@hotmail.com,user948,SUBSCRIBED,2026-04-22T19:42:55.374833,2026-04-22T19:42:55.374833
8168,user949@example.org,user949,SUBSCRIBED,2026-04-22T19:42:55.383835,2026-04-22T19:42:55.383835
8169,user950@gmail.com,user950,SUBSCRIBED,2026-04-22T19:42:55.390839,2026-04-22T19:42:55.390839
8170,user951@yahoo.com,user951,SUBSCRIBED,2026-04-22T19:42:55.403839,2026-04-22T19:42:55.403839
8171,user952@outlook.com,user952,SUBSCRIBED,2026-04-22T19:42:55.415840,2026-04-22T19:42:55.415840
8172,user953@hotmail.com,user953,SUBSCRIBED,2026-04-22T19:42:55.424841,2026-04-22T19:42:55.424841
8173,user954@example.org,user954,SUBSCRIBED,2026-04-22T19:42:55.433839,2026-04-22T19:42:55.433839
8174,user955@gmail.com,user955,SUBSCRIBED,2026-04-22T19:42:55.444842,2026-04-22T19:42:55.444842
8175,user956@yahoo.com,user956,SUBSCRIBED,2026-04-22T19:42:55.456842,2026-04-22T19:42:55.456842
8176,user957@outlook.com,user957,SUBSCRIBED,2026-04-22T19:42:55.467845,2026-04-22T19:42:55.467845
8177,user958@hotmail.com,user958,SUBSCRIBED,2026-04-22T19:42:55.478844,2026-04-22T19:42:55.479844
8178,user959@example.org,user959,SUBSCRIBED,2026-04-22T19:42:55.490846,2026-04-22T19:42:55.490846
8179,user960@gmail.com,user960,SUBSCRIBED,2026-04-22T19:42:55.502844,2026-04-22T19:42:55.502844
8180,user961@yahoo.com,user961,SUBSCRIBED,2026-04-22T19:42:55.513846,2026-04-22T19:42:55.513846
8181,user962@outlook.com,user962,SUBSCRIBED,2026-04-22T19:42:55.523850,2026-04-22T19:42:55.523850
8182,user963@hotmail.com,user963,SUBSCRIBED,2026-04-22T19:42:55.535848,2026-04-22T19:42:55.536849
8183,user964@example.org,user964,SUBSCRIBED,2026-04-22T19:42:55.551849,2026-04-22T19:42:55.551849
8184,user965@gmail.com,user965,SUBSCRIBED,2026-04-22T19:42:55.565850,2026-04-22T19:42:55.565850
8185,user966@yahoo.com,user966,SUBSCRIBED,2026-04-22T19:42:55.578852,2026-04-22T19:42:55.578852
8186,user967@outlook.com,user967,SUBSCRIBED,2026-04-22T19:42:55.590855,2026-04-22T19:42:55.590855
8187,user968@hotmail.com,user968,SUBSCRIBED,2026-04-22T19:42:55.603854,2026-04-22T19:42:55.603854
8188,user969@example.org,user969,SUBSCRIBED,2026-04-22T19:42:55.615854,2026-04-22T19:42:55.615854
8189,user970@gmail.com,user970,SUBSCRIBED,2026-04-22T19:42:55.626855,2026-04-22T19:42:55.626855
8190,user971@yahoo.com,user971,SUBSCRIBED,2026-04-22T19:42:55.638856,2026-04-22T19:42:55.638856
8191,user972@outlook.com,user972,SUBSCRIBED,2026-04-22T19:42:55.649858,2026-04-22T19:42:55.649858
8192,user973@hotmail.com,user973,SUBSCRIBED,2026-04-22T19:42:55.657859,2026-04-22T19:42:55.657859
8193,user974@example.org,user974,SUBSCRIBED,2026-04-22T19:42:55.667857,2026-04-22T19:42:55.667857
8194,user975@gmail.com,user975,SUBSCRIBED,2026-04-22T19:42:55.680860,2026-04-22T19:42:55.680860
8195,user976@yahoo.com,user976,SUBSCRIBED,2026-04-22T19:42:55.690861,2026-04-22T19:42:55.690861
8196,user977@outlook.com,user977,SUBSCRIBED,2026-04-22T19:42:55.700859,2026-04-22T19:42:55.700859
8197,user978@hotmail.com,user978,SUBSCRIBED,2026-04-22T19:42:55.711862,2026-04-22T19:42:55.711862
8198,user979@example.org,user979,SUBSCRIBED,2026-04-22T19:42:55.723865,2026-04-22T19:42:55.723865
8199,user980@gmail.com,user980,SUBSCRIBED,2026-04-22T19:42:55.735861,2026-04-22T19:42:55.735861
8200,user981@yahoo.com,user981,SUBSCRIBED,2026-04-22T19:42:55.746868,2026-04-22T19:42:55.746868
8201,user982@outlook.com,user982,SUBSCRIBED,2026-04-22T19:42:55.755869,2026-04-22T19:42:55.755869
8202,user983@hotmail.com,user983,SUBSCRIBED,2026-04-22T19:42:55.769868,2026-04-22T19:42:55.769868
8203,user984@example.org,user984,SUBSCRIBED,2026-04-22T19:42:55.783867,2026-04-22T19:42:55.783867
8204,user985@gmail.com,user985,SUBSCRIBED,2026-04-22T19:42:55.793868,2026-04-22T19:42:55.793868
8205,user986@yahoo.com,user986,SUBSCRIBED,2026-04-22T19:42:55.805871,2026-04-22T19:42:55.805871
8206,user987@outlook.com,user987,SUBSCRIBED,2026-04-22T19:42:55.819882,2026-04-22T19:42:55.819882
8207,user988@hotmail.com,user988,SUBSCRIBED,2026-04-22T19:42:55.832883,2026-04-22T19:42:55.832883
8208,user989@example.org,user989,SUBSCRIBED,2026-04-22T19:42:55.842879,2026-04-22T19:42:55.842879
8209,user990@gmail.com,user990,SUBSCRIBED,2026-04-22T19:42:55.855885,2026-04-22T19:42:55.855885
8210,user991@yahoo.com,user991,SUBSCRIBED,2026-04-22T19:42:55.869883,2026-04-22T19:42:55.869883
8211,user992@outlook.com,user992,SUBSCRIBED,2026-04-22T19:42:55.883885,2026-04-22T19:42:55.883885
8212,user993@hotmail.com,user993,SUBSCRIBED,2026-04-22T19:42:55.903929,2026-04-22T19:42:55.903929
8213,user994@example.org,user994,SUBSCRIBED,2026-04-22T19:42:55.920931,2026-04-22T19:42:55.920931
8214,user995@gmail.com,user995,SUBSCRIBED,2026-04-22T19:42:55.932883,2026-04-22T19:42:55.932883
8215,user996@yahoo.com,user996,SUBSCRIBED,2026-04-22T19:42:55.941886,2026-04-22T19:42:55.941886
8216,user997@outlook.com,user997,SUBSCRIBED,2026-04-22T19:42:55.956886,2026-04-22T19:42:55.956886
8217,user998@hotmail.com,user998,SUBSCRIBED,2026-04-22T19:42:55.968886,2026-04-22T19:42:55.968886
8218,user999@example.org,user999,SUBSCRIBED,2026-04-22T19:42:55.981888,2026-04-22T19:42:55.981888
8219,user1000@gmail.com,user1000,SUBSCRIBED,2026-04-22T19:42:55.996889,2026-04-22T19:42:55.996889
8220,ali@gmail.com,ali,SUBSCRIBED,2026-04-22T19:42:56.007890,2026-04-22T19:42:56.007890
8221,zainab@com,zainab,SUBSCRIBED,2026-04-22T19:42:56.022891,2026-04-22T19:42:56.022891
8222,fatima@gmail.com,fatima,SUBSCRIBED,2026-04-22T19:42:56.036893,2026-04-22T19:42:56.036893
8223,ali.akbar@gmail.com,ali.akbar,SUBSCRIBED,2026-04-22T19:42:56.053895,2026-04-22T19:42:56.053895
8224,saad_aldeen@hotmail.com,saad_aldeen,SUBSCRIBED,2026-04-22T19:42:56.065895,2026-04-22T19:42:56.065895
8225,zainab-alansari@gmail,zainab-alansari,SUBSCRIBED,2026-04-22T19:42:56.076894,2026-04-22T19:42:56.076894
8226,fatima4@gmail.com,fatima4,UNSUBSCRIBED,2026-04-22T19:42:56.091897,2026-04-22T19:42:56.091897
8227,mona.isa@hotmail.com,mona.isa,SUBSCRIBED,2026-04-22T19:42:56.103896,2026-04-22T19:42:56.103896
8228,amina@hotmail.com,amina,SUBSCRIBED,2026-04-22T19:42:56.124902,2026-04-22T19:42:56.124902
8229,amina.a@hotmail.com,amina.a,UNSUBSCRIBED,2026-04-22T19:42:56.136900,2026-04-22T19:42:56.136900
,monaali@gmail.com,monaali,SUBSCRIBED,,